
START TRANSACTION;

-- Insertar géneros
INSERT INTO genero (descripcion) VALUES 
('Femenino'),
('Masculino'),
('Otro');

-- Insertar comunas
INSERT INTO comuna (descripcion) VALUES 
('LA PALOMA'),
('MIRASOL'),
('Puerta Sur'),
('Manuel Rodríguez'),
('Jardín Austral'),
('Barrio puerto'),
('Parque Industrial'),
('Chile barrio'),
('Antuhue'),
('Valle Volcanes'),
('ALERCE'),
('LAGUNITAS'),
('PICHI PELLUCO');

-- Insertar tipos de cliente y sus descuentos
INSERT INTO tipo_cliente (descripcion, porc_desc) VALUES 
('Regular', 0.00),
('Silver', 5.00),
('Gold', 10.00),
('Platinum', 15.00);

-- Insertar categorías de productos
INSERT INTO categoria (descripcion) VALUES 
('Maquillaje'),
('Skincare'),
('Perfumería'),
('Accesorios');

-- Insertar marcas
INSERT INTO marca (descripcion) VALUES 
('MAC'),
('Maybelline'),
('L\'Oréal'),
('NYX'),
('Revlon'),
('The Ordinary'),
('Eucerin'),
('Carolina Herrera'),
('Dior'),
('Urban Decay');

-- Insertar productos
INSERT INTO producto (id_producto, nombre, descripcion, precio, stock, id_categoria, id_marca) VALUES 
(1, 'Labial MAC Ruby Woo', 'Labial mate rojo icónico', 18990, 50, 1, 1),
(2, 'Base Fit Me', 'Base de maquillaje para todo tipo de piel', 12990, 60, 1, 2),
(3, 'Máscara de pestañas Volume', 'Máscara para pestañas con volumen', 9990, 45, 1, 3),
(4, 'Serum Niacinamida', 'Serum facial hidratante', 15990, 30, 2, 6),
(5, 'Crema Hidratante', 'Crema facial para piel sensible', 22990, 25, 2, 7),
(6, 'Good Girl Perfume', 'Perfume femenino dulce y sensual', 89990, 15, 3, 8),
(7, 'J\'adore', 'Perfume floral femenino', 95990, 10, 3, 9),
(8, 'Set Brochas', 'Set de brochas profesionales', 25990, 20, 4, 1),
(9, 'Paleta Sombras', 'Paleta de 12 sombras nude', 35990, 40, 1, 10),
(10, 'Corrector Age Rewind', 'Corrector antiojeras', 11990, 55, 1, 2);

-- Insertar métodos de pago
INSERT INTO metodo_pago (descripcion) VALUES 
('Efectivo'),
('Débito'),
('Crédito'),
('Mercado pago');

-- Insertar promociones
INSERT INTO promocion (nombre, porc_desc, fecha_inicio, fecha_fin, activa) VALUES 
('Descuento Primavera', 15.00, '2023-09-21', '2023-12-21', true),
('2x1 Maquillaje', 50.00, '2023-10-01', '2023-10-31', true),
('Regalo Sorpresa', 10.00, '2023-11-01', '2023-12-31', true),
('Cliente Frecuente', 20.00, '2023-01-01', '2023-12-31', true);

-- Insertar clientes 
INSERT INTO cliente (numrun, dv_run, pnombre, snombre, papellido, mapellido, edad, id_genero, id_comuna, id_tipo_cliente) VALUES 
(16311545, 'K', 'Camila', '', 'Flores', 'Martínez', 43, 1, 5, 1),
(16932260, '0', 'José', 'Francisco', 'Fuentes', 'Rodríguez', 54, 2, 5, 3),
(21442027, '9', 'Ricardo', 'José', 'Rojas', 'Martínez', 15, 2, 7, 2),
(15039061, '3', 'Nicolás', '', 'López', 'Sepúlveda', 64, 3, 12, 2),
(15385204, '9', 'Catalina', '', 'Martínez', 'Sepúlveda', 61, 3, 13, 1),
(17556406, '3', 'Alberto', 'Francisco', 'Castillo', 'Castillo', 50, 2, 6, 1),
(16788187, '4', 'Daniela', 'Javiera', 'Silva', 'Muñoz', 26, 1, 7, 2),
(18073333, '7', 'Camila', 'Daniela', 'Sepúlveda', 'Muñoz', 53, 1, 8, 2),
(21162034, 'K', 'María', 'Camila', 'Valenzuela', 'González', 49, 1, 10, 4),
(15099094, '7', 'Francisca', 'Valentina', 'Rojas', 'Araya', 21, 1, 9, 4),
(23088566, '4', 'Ricardo', 'Ricardo', 'Muñoz', 'Flores', 38, 2, 13, 4),
(23322682, '3', 'Carlos', 'Diego', 'López', 'Díaz', 48, 2, 12, 4),
(23446665, '8', 'Francisco', 'Felipe', 'Soto', 'Díaz', 20, 2, 1, 3),
(18237558, '6', 'Ana', 'Patricia', 'Pérez', 'Rojas', 30, 1, 2, 4),
(24860425, '5', 'Catalina', 'Catalina', 'Valenzuela', 'Valenzuela', 59, 1, 2, 4),
(22414360, '5', 'Alberto', '', 'Castillo', 'Morales', 18, 2, 5, 3),
(24620893, 'K', 'Daniela', 'María', 'Flores', 'López', 16, 1, 7, 4),
(17299901, '8', 'Javiera', 'Carolina', 'Valenzuela', 'Silva', 47, 1, 1, 4),
(20290582, 'K', 'Daniela', 'Gabriela', 'Silva', 'López', 27, 1, 6, 3),
(18884236, '4', 'Diego', 'Juan', 'Flores', 'Flores', 38, 2, 4, 3),
(24270012, '0', 'Eduardo', 'Andrés', 'López', 'Rodríguez', 17, 2, 2, 2),
(17179013, '1', 'Ana', 'Camila', 'Torres', 'Morales', 67, 1, 2, 1),
(16786320, '5', 'Ana', '', 'Sepúlveda', 'Silva', 20, 1, 13, 2),
(18132156, '3', 'Patricia', 'Isabel', 'Muñoz', 'Contreras', 23, 1, 8, 1),
(18388749, '1', 'Fernanda', 'Francisca', 'Castillo', 'Castillo', 45, 1, 9, 3),
(19610772, 'K', 'Ricardo', '', 'Muñoz', 'Fuentes', 63, 3, 10, 1),
(15983486, '7', 'Carolina', 'Andrea', 'Rodríguez', 'Rodríguez', 41, 1, 6, 3),
(21429356, '0', 'Gabriela', 'Francisca', 'Rodríguez', 'Contreras', 47, 1, 9, 2),
(16044176, '3', 'Valentina', 'Isabel', 'Castillo', 'Muñoz', 48, 1, 5, 2),
(21477995, '1', 'Patricia', 'María', 'Contreras', 'Fuentes', 33, 1, 11, 4),
(17670093, '9', 'Javiera', 'Victoria', 'Torres', 'González', 52, 1, 5, 4),
(23265448, '1', 'Andrea', '', 'Flores', 'Díaz', 50, 3, 13, 4),
(20518775, '8', 'Fernanda', 'Fernanda', 'Soto', 'González', 25, 1, 8, 2),
(22465524, 'K', 'Andrés', 'Diego', 'Rodríguez', 'Valenzuela', 58, 2, 12, 2),
(23230130, '9', 'Ana', 'Francisca', 'Flores', 'Díaz', 28, 1, 4, 1),
(17175948, 'K', 'Miguel', '', 'Araya', 'Sepúlveda', 65, 3, 13, 1),
(21159345, '8', 'Gabriel', 'Alberto', 'Sepúlveda', 'Sepúlveda', 42, 2, 1, 4),
(24556577, '1', 'Eduardo', 'Eduardo', 'González', 'Morales', 43, 2, 2, 4),
(16178043, 'K', 'Ana', 'Camila', 'López', 'Valenzuela', 16, 1, 12, 3),
(16806758, '5', 'Ricardo', 'Francisco', 'Contreras', 'Valenzuela', 48, 2, 13, 4),
(23926682, '7', 'Andrea', 'Camila', 'Rodríguez', 'Araya', 43, 1, 11, 3),
(21310196, 'K', 'Carolina', '', 'Muñoz', 'Rodríguez', 56, 1, 12, 3),
(18354524, '8', 'Patricia', 'Carolina', 'Contreras', 'Soto', 22, 1, 9, 4),
(20756781, '7', 'Isabel', 'Valentina', 'Rodríguez', 'Soto', 20, 1, 4, 4),
(20856286, 'K', 'Javiera', 'María', 'Soto', 'Castillo', 20, 1, 12, 3),
(17669810, '1', 'Nicolás', 'Miguel', 'Díaz', 'Contreras', 57, 2, 12, 4),
(24865313, '2', 'Francisco', 'Carlos', 'Díaz', 'Castillo', 24, 2, 2, 4),
(24682333, '2', 'Isabel', 'Patricia', 'Fuentes', 'González', 54, 1, 11, 3),
(21623638, '6', 'María', 'Patricia', 'Espinoza', 'Castillo', 32, 1, 3, 3),
(21974304, '1', 'Victoria', 'Ana', 'Morales', 'López', 52, 1, 6, 2),
(18654499, '4', 'Daniela', 'Isabel', 'Contreras', 'Flores', 50, 1, 6, 3),
(18535179, '3', 'Camila', 'Andrea', 'Castillo', 'Fuentes', 33, 1, 6, 3),
(23363953, '2', 'Isabel', 'Daniela', 'Muñoz', 'Valenzuela', 69, 1, 4, 2),
(21037338, '1', 'Isabel', 'Francisca', 'Fuentes', 'López', 34, 1, 7, 1),
(18448396, '3', 'Felipe', 'Andrés', 'Espinoza', 'Morales', 19, 2, 3, 2),
(15463078, '3', 'Carlos', '', 'Valenzuela', 'Rojas', 34, 3, 11, 4),
(15596208, '9', 'Catalina', '', 'Morales', 'Torres', 70, 1, 1, 2),
(16068107, '1', 'Andrea', 'Francisca', 'Fuentes', 'Araya', 17, 1, 8, 3),
(21673637, '0', 'Valentina', 'Valentina', 'Díaz', 'López', 38, 1, 7, 1),
(16906425, '3', 'María', 'Francisca', 'López', 'Araya', 35, 1, 10, 2),
(22810836, '7', 'Juan', 'Ricardo', 'Soto', 'Araya', 30, 2, 3, 3),
(19952153, '5', 'Camila', 'Camila', 'Martínez', 'Silva', 20, 1, 10, 2),
(24003061, '6', 'Catalina', 'Fernanda', 'Araya', 'Valenzuela', 20, 1, 10, 2),
(17633606, '4', 'María', 'Gabriela', 'Torres', 'Martínez', 17, 1, 3, 3),
(18408249, '7', 'Carlos', '', 'Castillo', 'Díaz', 50, 3, 6, 1),
(17646020, '2', 'Nicolás', '', 'Silva', 'Flores', 25, 3, 12, 4),
(24300066, '1', 'Andrea', '', 'Silva', 'Sepúlveda', 38, 1, 4, 3),
(24802707, 'K', 'Carolina', 'Daniela', 'Pérez', 'Muñoz', 19, 1, 10, 4),
(24572134, 'K', 'Carolina', 'Fernanda', 'Araya', 'Espinoza', 31, 1, 2, 1),
(24996852, '8', 'Fernanda', 'Javiera', 'Rodríguez', 'López', 27, 1, 6, 2),
(17021310, '6', 'Catalina', 'María', 'Araya', 'Soto', 23, 1, 4, 3),
(24153095, '7', 'Camila', 'Patricia', 'Contreras', 'Araya', 19, 1, 12, 3),
(16927076, '7', 'Carolina', '', 'Fuentes', 'Martínez', 69, 1, 7, 3),
(20883124, '0', 'Javiera', 'María', 'Díaz', 'Torres', 17, 1, 6, 1),
(20286902, '5', 'Andrea', 'Ana', 'Rojas', 'Valenzuela', 62, 1, 12, 3),
(15633590, '8', 'Ana', 'Victoria', 'Silva', 'Silva', 58, 1, 13, 4),
(21127293, '7', 'Fernanda', 'Camila', 'Díaz', 'Castillo', 39, 1, 3, 4),
(20583986, '0', 'Carolina', 'Isabel', 'Rojas', 'Pérez', 56, 1, 9, 4),
(22513849, '4', 'Carlos', 'Andrés', 'López', 'Rojas', 16, 2, 3, 3),
(21918023, '3', 'Carolina', 'Valentina', 'Rojas', 'González', 30, 1, 3, 2),
(20605633, '9', 'Carolina', 'Carolina', 'Silva', 'Valenzuela', 35, 1, 9, 4),
(16761717, '4', 'Gabriela', '', 'Valenzuela', 'Flores', 39, 1, 11, 1),
(20716217, '5', 'Carolina', '', 'Castillo', 'Rodríguez', 62, 1, 8, 1),
(24955122, '8', 'Valentina', '', 'Silva', 'Morales', 68, 1, 9, 2),
(17027766, 'K', 'Daniela', 'Victoria', 'Castillo', 'Rojas', 23, 1, 1, 4),
(16290935, '5', 'Francisco', 'Sebastián', 'Martínez', 'Valenzuela', 23, 2, 8, 4),
(16686987, '0', 'Miguel', 'Alberto', 'Rodríguez', 'Araya', 49, 2, 2, 3),
(22657174, '4', 'Andrés', 'Miguel', 'López', 'Rodríguez', 19, 2, 5, 3),
(20056140, '6', 'Francisco', '', 'Fuentes', 'López', 23, 3, 5, 4),
(15129129, '5', 'Victoria', 'Carolina', 'Rojas', 'Torres', 21, 1, 8, 1),
(21274498, '0', 'Victoria', '', 'Torres', 'Martínez', 50, 1, 1, 2),
(21451110, 'K', 'Andrés', 'Eduardo', 'Castillo', 'Fuentes', 64, 2, 1, 4),
(21658015, 'K', 'Nicolás', 'Juan', 'Contreras', 'Muñoz', 29, 2, 12, 3),
(24263354, '7', 'Ana', 'Isabel', 'Araya', 'Martínez', 16, 1, 13, 1),
(17032452, '8', 'Andrea', 'Patricia', 'Rodríguez', 'Silva', 37, 1, 2, 1),
(24786015, '0', 'Francisca', 'Catalina', 'Muñoz', 'Pérez', 55, 1, 8, 3),
(23705443, '1', 'Andrea', 'Daniela', 'Castillo', 'Silva', 52, 1, 12, 4),
(22598875, '7', 'Patricia', 'Daniela', 'Contreras', 'Sepúlveda', 33, 1, 8, 4),
(24882099, '3', 'Antonio', 'Carlos', 'Castillo', 'Martínez', 43, 2, 5, 3),
(22232648, '6', 'Camila', '', 'Rodríguez', 'Valenzuela', 22, 3, 9, 1),
(22414850, 'K', 'Daniela', 'Valentina', 'Espinoza', 'Castillo', 52, 1, 2, 3),
(24739181, '9', 'Fernanda', 'Daniela', 'Morales', 'Pérez', 20, 1, 5, 1),
(15686326, '2', 'María', 'Ana', 'González', 'Rodríguez', 45, 1, 9, 2),
(17845980, '5', 'Camila', 'Valentina', 'Espinoza', 'Espinoza', 65, 1, 2, 3),
(23297012, 'K', 'Carolina', '', 'Espinoza', 'Espinoza', 39, 3, 6, 1),
(24856420, '2', 'Miguel', '', 'Silva', 'Rojas', 24, 2, 11, 2),
(23793798, '8', 'Javiera', 'Camila', 'López', 'Torres', 37, 1, 6, 3),
(17428664, '7', 'Nicolás', '', 'Espinoza', 'González', 34, 2, 8, 4),
(23654766, '3', 'Alberto', 'Alberto', 'Morales', 'Fuentes', 65, 2, 13, 2),
(18018051, '6', 'Camila', '', 'Sepúlveda', 'Martínez', 59, 1, 5, 1),
(22925793, '5', 'Francisca', 'Gabriela', 'Rojas', 'Pérez', 31, 1, 11, 3),
(15278672, '7', 'Patricia', 'Gabriela', 'Torres', 'Valenzuela', 55, 1, 10, 4),
(16451001, '8', 'Miguel', 'José', 'Martínez', 'González', 37, 2, 9, 1),
(22332698, '6', 'Miguel', 'Carlos', 'Espinoza', 'Silva', 16, 2, 10, 3),
(18631601, '0', 'Camila', '', 'López', 'Torres', 69, 1, 7, 1),
(16890816, '4', 'Daniela', '', 'Valenzuela', 'Fuentes', 66, 1, 12, 1),
(16081199, '4', 'Patricia', 'Fernanda', 'Castillo', 'Valenzuela', 21, 1, 5, 3),
(16444664, '6', 'Patricia', 'Francisca', 'Castillo', 'Rojas', 22, 1, 3, 2),
(23453896, '9', 'Nicolás', 'Antonio', 'Soto', 'Rodríguez', 22, 2, 11, 4),
(20729864, '6', 'Alberto', 'José', 'Araya', 'Silva', 70, 2, 12, 4),
(15649640, '5', 'Victoria', 'Ana', 'Espinoza', 'Contreras', 61, 1, 13, 3),
(18606985, '4', 'María', 'Andrea', 'Flores', 'Flores', 64, 1, 7, 2),
(23953040, '0', 'Eduardo', 'Felipe', 'Pérez', 'González', 44, 2, 2, 2),
(18779062, 'K', 'Francisco', '', 'Martínez', 'Araya', 20, 2, 13, 1),
(19165664, '4', 'Isabel', 'Javiera', 'Castillo', 'Díaz', 64, 1, 7, 4),
(20974315, '9', 'Victoria', 'Carolina', 'Valenzuela', 'Espinoza', 35, 1, 1, 3),
(19801618, '7', 'Carolina', 'Camila', 'González', 'Torres', 45, 1, 12, 2),
(22821520, '1', 'Gabriel', 'Gabriel', 'Sepúlveda', 'Fuentes', 55, 2, 2, 3),
(22020047, '7', 'Gabriela', 'Patricia', 'Morales', 'Rojas', 27, 1, 4, 3),
(22182543, '8', 'Catalina', 'Isabel', 'Sepúlveda', 'Espinoza', 21, 1, 9, 3),
(19008985, '1', 'Carolina', 'Daniela', 'Espinoza', 'González', 28, 1, 3, 3),
(20104661, '0', 'Ricardo', 'Ricardo', 'Espinoza', 'Flores', 62, 2, 8, 3),
(24833475, '4', 'Felipe', 'Diego', 'Castillo', 'Soto', 55, 2, 3, 3),
(20284229, '1', 'Isabel', 'Catalina', 'Díaz', 'Torres', 56, 1, 6, 2),
(19008060, '9', 'Gabriel', 'Antonio', 'Silva', 'Soto', 45, 2, 12, 1),
(22018800, '0', 'María', 'Andrea', 'Silva', 'Castillo', 33, 1, 12, 1),
(20282719, '5', 'Felipe', 'Francisco', 'Martínez', 'Espinoza', 35, 2, 6, 4),
(17647965, '5', 'Valentina', 'Gabriela', 'Flores', 'Torres', 52, 1, 5, 2),
(24761296, '3', 'Ana', 'Ana', 'Morales', 'Silva', 70, 1, 4, 1),
(23709979, '6', 'Fernanda', 'Camila', 'González', 'Castillo', 45, 1, 1, 1),
(17453014, '9', 'Isabel', 'Valentina', 'Torres', 'Morales', 31, 1, 1, 1),
(19695752, '9', 'Camila', 'Gabriela', 'Morales', 'Martínez', 55, 1, 7, 4),
(23579829, '8', 'María', '', 'Silva', 'Flores', 28, 1, 1, 2),
(21870058, '6', 'Catalina', 'Fernanda', 'Fuentes', 'Rojas', 39, 1, 3, 4),
(21368889, '8', 'Carolina', 'Victoria', 'Espinoza', 'González', 24, 1, 7, 4),
(19437179, '9', 'Valentina', 'Gabriela', 'Espinoza', 'Muñoz', 32, 1, 9, 2),
(21955820, '1', 'Javiera', '', 'Martínez', 'Torres', 62, 1, 3, 1),
(22812328, '5', 'Gabriela', 'Catalina', 'Torres', 'Rodríguez', 24, 1, 7, 2),
(19854237, '7', 'Andrea', 'Catalina', 'Valenzuela', 'Valenzuela', 40, 1, 12, 2),
(24999247, 'K', 'Fernanda', '', 'Martínez', 'Morales', 58, 1, 10, 3),
(19425821, '6', 'Ricardo', 'Felipe', 'Soto', 'Fuentes', 37, 2, 12, 2),
(19165918, 'K', 'Sebastián', '', 'González', 'Torres', 59, 3, 6, 4),
(16771564, '8', 'Felipe', 'Felipe', 'Muñoz', 'Rodríguez', 41, 2, 7, 2),
(15970284, '7', 'Diego', 'Gabriel', 'Flores', 'Contreras', 26, 2, 10, 3),
(21263929, 'K', 'Diego', 'Francisco', 'Silva', 'Sepúlveda', 23, 2, 2, 2),
(15325549, '0', 'Felipe', 'Sebastián', 'Martínez', 'Castillo', 33, 2, 10, 2),
(15417866, 'K', 'José', 'Francisco', 'Silva', 'Contreras', 55, 2, 10, 1),
(16080563, '3', 'Isabel', '', 'Fuentes', 'Díaz', 48, 1, 7, 1),
(24013502, '7', 'Andrea', 'Daniela', 'Soto', 'Contreras', 67, 1, 10, 2),
(18967849, '5', 'Gabriela', 'Patricia', 'Contreras', 'Díaz', 33, 1, 2, 1),
(16670674, '2', 'Isabel', 'Ana', 'Soto', 'Silva', 23, 1, 10, 3),
(20470565, '8', 'Valentina', 'Camila', 'Muñoz', 'Fuentes', 27, 1, 8, 3),
(20182103, '7', 'Francisca', 'Francisca', 'López', 'Rojas', 39, 1, 6, 2),
(16345012, '7', 'José', 'Alberto', 'Contreras', 'Soto', 48, 2, 13, 1),
(23117515, '6', 'Carlos', 'Andrés', 'Pérez', 'Contreras', 44, 2, 13, 4),
(18376059, '9', 'Sebastián', 'Diego', 'González', 'Soto', 40, 2, 8, 3),
(20135617, '2', 'Valentina', 'Ana', 'Valenzuela', 'Torres', 21, 1, 3, 4),
(21181351, '2', 'Carlos', 'José', 'Pérez', 'Rojas', 63, 2, 5, 2),
(21398805, '0', 'Victoria', 'Isabel', 'Torres', 'González', 64, 1, 5, 2),
(18764476, '3', 'Francisco', 'Sebastián', 'Contreras', 'González', 48, 2, 3, 4),
(22969629, '7', 'Juan', '', 'Flores', 'Flores', 24, 3, 4, 1),
(22169225, 'K', 'Camila', 'Daniela', 'Sepúlveda', 'Espinoza', 33, 1, 6, 4),
(19425572, '1', 'Andrea', 'Fernanda', 'Muñoz', 'Martínez', 63, 1, 5, 3),
(20012970, '9', 'Gabriel', '', 'Morales', 'González', 66, 2, 7, 4),
(18150072, '7', 'Carlos', '', 'Soto', 'Morales', 41, 2, 9, 4),
(15199045, '2', 'Andrea', 'Andrea', 'Pérez', 'Rodríguez', 57, 1, 3, 4),
(17358232, '3', 'Sebastián', '', 'Sepúlveda', 'Morales', 58, 3, 7, 4),
(23473618, '3', 'Ana', 'Daniela', 'Rodríguez', 'Silva', 30, 1, 7, 4),
(19414918, '2', 'Andrea', 'Gabriela', 'Díaz', 'Díaz', 48, 1, 7, 1),
(22545993, '2', 'Francisco', 'Sebastián', 'Contreras', 'Torres', 33, 2, 2, 1),
(16411859, '2', 'Andrea', 'Carolina', 'Pérez', 'Díaz', 19, 1, 12, 3),
(24909363, '7', 'Francisca', 'Patricia', 'Fuentes', 'Fuentes', 42, 1, 9, 4),
(17689597, '7', 'Gabriel', '', 'Silva', 'Muñoz', 44, 3, 6, 2),
(16085741, '2', 'Antonio', '', 'Muñoz', 'Pérez', 52, 2, 11, 1),
(24150658, '4', 'Carolina', '', 'Díaz', 'Araya', 56, 1, 12, 2),
(18312266, '5', 'Miguel', 'Sebastián', 'Castillo', 'Sepúlveda', 32, 2, 5, 1),
(23384503, '5', 'Isabel', 'Camila', 'Sepúlveda', 'González', 32, 1, 12, 3),
(21646737, 'K', 'Carolina', 'Valentina', 'Muñoz', 'Rodríguez', 54, 1, 13, 1),
(18528205, '8', 'Isabel', 'Victoria', 'Muñoz', 'López', 47, 1, 6, 2),
(23087166, '3', 'Felipe', 'Miguel', 'González', 'Torres', 44, 2, 9, 3),
(15311724, '1', 'Ana', 'Valentina', 'Fuentes', 'Díaz', 33, 1, 2, 3),
(17940229, '7', 'Victoria', 'Camila', 'Fuentes', 'Díaz', 20, 1, 12, 4),
(24245426, 'K', 'Carolina', '', 'Rojas', 'Pérez', 59, 1, 12, 3),
(16062646, '1', 'Miguel', 'José', 'Muñoz', 'Espinoza', 68, 2, 3, 3),
(21975448, '5', 'Alberto', 'Nicolás', 'Morales', 'Martínez', 33, 2, 10, 2),
(15182453, '6', 'Isabel', 'Andrea', 'Martínez', 'Torres', 34, 1, 4, 2),
(24693473, '8', 'Nicolás', '', 'Silva', 'Araya', 70, 2, 5, 2),
(22364931, '9', 'Juan', 'José', 'Silva', 'González', 55, 2, 8, 1),
(17449828, '8', 'Patricia', 'Gabriela', 'González', 'Espinoza', 15, 1, 2, 2),
(17232333, '2', 'Miguel', '', 'Rojas', 'Torres', 34, 2, 4, 1),
(18633360, '8', 'Fernanda', 'Camila', 'Muñoz', 'Fuentes', 65, 1, 7, 1),
(17332652, '1', 'Francisca', 'Carolina', 'Muñoz', 'Soto', 66, 1, 11, 3),
(22241868, '2', 'Antonio', 'Eduardo', 'Araya', 'Rodríguez', 54, 2, 5, 4),
(24196153, '2', 'Francisco', 'Antonio', 'Rodríguez', 'Silva', 19, 2, 6, 4),
(17906679, '3', 'Catalina', 'Patricia', 'Valenzuela', 'Muñoz', 44, 1, 2, 1),
(24550762, '3', 'Camila', '', 'Contreras', 'Fuentes', 22, 1, 2, 4),
(15624849, '5', 'Javiera', '', 'Contreras', 'Contreras', 41, 3, 6, 3),
(19229651, 'K', 'Catalina', 'Isabel', 'López', 'Soto', 29, 1, 5, 1),
(21470395, '5', 'Alberto', 'Gabriel', 'Martínez', 'Sepúlveda', 46, 2, 10, 1),
(18366609, '6', 'Andrea', 'Carolina', 'Díaz', 'Morales', 59, 1, 8, 2),
(23388360, '3', 'Javiera', 'Javiera', 'Sepúlveda', 'Espinoza', 43, 1, 4, 1),
(18809777, '4', 'Carolina', 'Valentina', 'Flores', 'Pérez', 46, 1, 2, 4),
(19210410, '6', 'María', '', 'Castillo', 'López', 60, 1, 13, 2),
(22532467, '0', 'Juan', '', 'Flores', 'Rojas', 51, 3, 6, 1),
(21941784, '5', 'Fernanda', 'María', 'Muñoz', 'Soto', 48, 1, 5, 2),
(20722733, '1', 'Diego', '', 'Contreras', 'Valenzuela', 38, 3, 8, 4),
(23781671, '4', 'Eduardo', 'Felipe', 'Morales', 'Rojas', 61, 2, 5, 4),
(22890634, '4', 'Carlos', 'Miguel', 'Torres', 'Contreras', 17, 2, 2, 3),
(21407049, '9', 'María', 'María', 'Pérez', 'Flores', 43, 1, 9, 1),
(23177690, '7', 'Camila', 'Andrea', 'Soto', 'Pérez', 53, 1, 4, 2),
(20740942, '1', 'Francisca', 'Andrea', 'González', 'Espinoza', 31, 1, 7, 3),
(16161615, 'K', 'Isabel', 'Daniela', 'Contreras', 'Araya', 57, 1, 9, 3),
(18524282, 'K', 'Eduardo', '', 'Muñoz', 'Pérez', 58, 2, 10, 4),
(20350017, '3', 'Daniela', 'Andrea', 'Silva', 'Araya', 56, 1, 13, 4),
(16786033, '8', 'Carlos', '', 'Castillo', 'López', 17, 2, 2, 3),
(16260080, 'K', 'Nicolás', '', 'Contreras', 'Contreras', 22, 2, 4, 4),
(16094389, '0', 'Gabriela', 'Andrea', 'Martínez', 'Castillo', 15, 1, 13, 2),
(19642468, '7', 'Valentina', '', 'Muñoz', 'Flores', 28, 1, 10, 4),
(20580218, '5', 'Carolina', 'Francisca', 'Rodríguez', 'González', 61, 1, 6, 1),
(24369117, '6', 'Daniela', 'Francisca', 'Castillo', 'Torres', 56, 1, 12, 4),
(15573587, '2', 'Camila', 'Catalina', 'Soto', 'Espinoza', 23, 1, 12, 4),
(17728697, '4', 'Sebastián', 'Alberto', 'Contreras', 'Espinoza', 63, 2, 5, 4),
(21074243, '3', 'Ana', 'Isabel', 'Morales', 'González', 50, 1, 8, 2),
(24224118, '5', 'Juan', 'Felipe', 'Fuentes', 'Silva', 24, 2, 2, 3),
(16954338, '0', 'Daniela', 'Gabriela', 'Sepúlveda', 'Castillo', 22, 1, 2, 3),
(22250760, 'K', 'Gabriel', 'Diego', 'Rodríguez', 'Espinoza', 32, 2, 2, 4),
(22372906, '1', 'Victoria', 'Ana', 'Rodríguez', 'Morales', 35, 1, 10, 1),
(19446483, '5', 'Ana', '', 'Soto', 'Valenzuela', 36, 1, 13, 1),
(21314887, '7', 'Valentina', '', 'Pérez', 'Morales', 20, 1, 10, 4),
(20830052, '0', 'Javiera', 'Javiera', 'González', 'Martínez', 17, 1, 12, 1),
(19777762, '1', 'Francisco', 'Andrés', 'Fuentes', 'Silva', 65, 2, 12, 1),
(21672190, 'K', 'Sebastián', '', 'Torres', 'Muñoz', 62, 3, 7, 1),
(16771859, '0', 'Patricia', 'Catalina', 'Contreras', 'Araya', 33, 1, 7, 1),
(20389744, '8', 'Carlos', 'Eduardo', 'González', 'Flores', 18, 2, 13, 1),
(20046387, '0', 'Carlos', '', 'Martínez', 'González', 19, 2, 10, 2),
(23019424, '6', 'José', 'Antonio', 'Morales', 'Rodríguez', 53, 2, 8, 2),
(22090115, '7', 'José', 'Andrés', 'Contreras', 'González', 68, 2, 2, 3),
(19166536, '8', 'Felipe', 'Gabriel', 'Rodríguez', 'Díaz', 18, 2, 1, 4),
(15537322, '9', 'Andrea', 'Camila', 'Contreras', 'Díaz', 54, 1, 11, 1),
(15824179, 'K', 'Juan', 'Carlos', 'Rojas', 'Torres', 36, 2, 7, 2),
(18812944, '7', 'Francisca', 'Fernanda', 'Valenzuela', 'Sepúlveda', 30, 1, 4, 3),
(22311137, '8', 'Fernanda', 'María', 'Silva', 'Araya', 33, 1, 1, 4),
(22409389, '6', 'Andrés', 'Alberto', 'López', 'González', 18, 2, 7, 3),
(16833914, '3', 'Isabel', 'Francisca', 'Fuentes', 'Martínez', 38, 1, 11, 2),
(18502261, '7', 'Gabriel', 'Andrés', 'Fuentes', 'Soto', 19, 2, 2, 1),
(21763610, '8', 'Carlos', '', 'Contreras', 'Espinoza', 25, 3, 3, 1),
(17534951, '0', 'Camila', '', 'Díaz', 'López', 32, 1, 8, 4),
(23418383, '4', 'Andrea', 'Ana', 'Flores', 'Valenzuela', 26, 1, 1, 2),
(19062397, '1', 'Camila', 'Valentina', 'Fuentes', 'Castillo', 26, 1, 8, 3),
(19430136, '7', 'Francisco', 'Carlos', 'Rojas', 'Contreras', 35, 2, 4, 1),
(16689938, '9', 'Daniela', 'Carolina', 'Rojas', 'Pérez', 54, 1, 8, 4),
(15137876, '5', 'Camila', 'Fernanda', 'Sepúlveda', 'Contreras', 31, 1, 5, 2),
(18484213, '0', 'Javiera', 'Patricia', 'Morales', 'Silva', 27, 1, 4, 3),
(18467567, '6', 'Francisco', 'Sebastián', 'Martínez', 'Sepúlveda', 24, 2, 11, 3),
(22966375, '5', 'Catalina', '', 'Araya', 'Valenzuela', 38, 1, 13, 3),
(18364080, '1', 'Javiera', 'Carolina', 'López', 'Torres', 69, 1, 4, 2),
(16910548, '0', 'Diego', 'Miguel', 'Castillo', 'Espinoza', 43, 2, 4, 3),
(15118649, '1', 'Daniela', '', 'González', 'Contreras', 43, 1, 13, 2),
(16167219, 'K', 'Javiera', 'Catalina', 'Silva', 'Castillo', 55, 1, 10, 1),
(24436201, 'K', 'Javiera', 'Carolina', 'Rodríguez', 'Castillo', 69, 1, 13, 1),
(17047798, '7', 'María', 'Isabel', 'Flores', 'Espinoza', 42, 1, 7, 4),
(19283483, 'K', 'Ricardo', 'Antonio', 'González', 'Soto', 59, 2, 2, 2),
(15256048, '6', 'Nicolás', 'Felipe', 'Sepúlveda', 'Martínez', 15, 2, 12, 2),
(15384836, 'K', 'Catalina', 'Camila', 'Rodríguez', 'Díaz', 15, 1, 12, 2),
(23913543, '9', 'Isabel', 'Carolina', 'González', 'Pérez', 65, 1, 8, 1),
(19412992, '0', 'Isabel', '', 'Muñoz', 'Muñoz', 65, 1, 1, 3),
(21183876, '0', 'Catalina', '', 'Soto', 'Espinoza', 30, 1, 6, 3),
(16273978, '6', 'Juan', 'Antonio', 'Torres', 'Pérez', 35, 2, 3, 4),
(22325202, '8', 'Ana', 'María', 'Morales', 'Sepúlveda', 17, 1, 4, 2),
(20411767, '5', 'Nicolás', 'Francisco', 'Espinoza', 'Castillo', 25, 2, 1, 4),
(16050942, '2', 'Andrea', 'Patricia', 'Muñoz', 'López', 58, 1, 3, 2),
(21584915, '5', 'Patricia', 'Gabriela', 'Rojas', 'Martínez', 16, 1, 1, 4),
(21420657, '9', 'María', 'Patricia', 'Torres', 'Soto', 31, 1, 4, 1),
(16188120, '1', 'Andrea', '', 'Díaz', 'González', 49, 1, 8, 1),
(24612322, '5', 'Francisca', 'Camila', 'Contreras', 'Flores', 61, 1, 7, 4),
(23377758, '7', 'Eduardo', 'Nicolás', 'Fuentes', 'Soto', 43, 2, 9, 1),
(19359010, '1', 'Ricardo', 'Antonio', 'Soto', 'Soto', 23, 2, 12, 3),
(16608311, '7', 'María', 'Daniela', 'López', 'Castillo', 40, 1, 2, 3),
(20839389, '8', 'María', '', 'Díaz', 'Rodríguez', 35, 1, 1, 3),
(24229073, '9', 'Antonio', 'Juan', 'Rodríguez', 'González', 22, 2, 6, 1),
(19549111, '9', 'Alberto', 'Gabriel', 'Castillo', 'Contreras', 46, 2, 1, 3),
(24804460, '8', 'Francisca', 'Carolina', 'Soto', 'Espinoza', 38, 1, 5, 4),
(17914231, '7', 'Felipe', 'Antonio', 'Torres', 'Rojas', 44, 2, 1, 3),
(20531840, '2', 'Carolina', 'Catalina', 'Pérez', 'Martínez', 55, 1, 4, 3),
(23789670, 'K', 'Alberto', '', 'Espinoza', 'Espinoza', 26, 2, 4, 4),
(16637481, '2', 'Daniela', 'Patricia', 'Flores', 'Contreras', 43, 1, 10, 4),
(22954594, '9', 'Patricia', 'Carolina', 'Fuentes', 'Flores', 17, 1, 1, 1),
(16384318, '8', 'Valentina', '', 'López', 'Araya', 16, 1, 2, 3),
(24996459, 'K', 'Ricardo', 'Gabriel', 'Silva', 'Flores', 28, 2, 6, 1),
(20948851, '5', 'José', '', 'Rodríguez', 'Contreras', 15, 3, 11, 2),
(17330370, 'K', 'Victoria', 'Catalina', 'Espinoza', 'González', 41, 1, 4, 1),
(22855003, '5', 'Ricardo', 'Francisco', 'Soto', 'Valenzuela', 55, 2, 13, 4),
(16871951, '5', 'Isabel', 'Ana', 'Espinoza', 'Díaz', 19, 1, 9, 1),
(17816274, '8', 'Gabriela', 'Gabriela', 'Torres', 'Castillo', 15, 1, 3, 1),
(16421151, '7', 'Carlos', '', 'Soto', 'Muñoz', 69, 3, 9, 1),
(18592748, '2', 'Camila', 'Catalina', 'Muñoz', 'Contreras', 19, 1, 3, 3),
(19437723, '1', 'Gabriela', 'Francisca', 'Silva', 'Valenzuela', 57, 1, 12, 2),
(20138448, '6', 'Andrés', 'Andrés', 'Castillo', 'Soto', 15, 2, 4, 1),
(24130967, '3', 'Carolina', 'Catalina', 'Martínez', 'Araya', 22, 1, 7, 1),
(23903737, '2', 'Catalina', 'Patricia', 'Castillo', 'Soto', 29, 1, 7, 1),
(21510852, 'K', 'Andrea', 'María', 'Castillo', 'Muñoz', 63, 1, 5, 3),
(23365732, '8', 'Francisca', '', 'Flores', 'Morales', 47, 3, 6, 1),
(17813873, '1', 'Isabel', 'Carolina', 'Contreras', 'Torres', 27, 1, 4, 1),
(19367022, '9', 'Victoria', 'Fernanda', 'Fuentes', 'Contreras', 68, 1, 4, 1),
(16604693, '9', 'Isabel', 'Daniela', 'Silva', 'Morales', 52, 1, 8, 4),
(18127959, '1', 'Andrea', 'María', 'Soto', 'Araya', 30, 1, 6, 1),
(21170579, '5', 'Gabriela', 'Patricia', 'López', 'Espinoza', 19, 1, 10, 4),
(18417667, 'K', 'Ricardo', 'Diego', 'Sepúlveda', 'Morales', 68, 2, 6, 2),
(20990887, '5', 'Carlos', 'Ricardo', 'Rojas', 'Muñoz', 32, 2, 3, 1),
(24687195, '7', 'Andrea', 'Victoria', 'Rodríguez', 'Silva', 69, 1, 9, 1),
(20424408, '1', 'Ricardo', 'Francisco', 'Espinoza', 'Sepúlveda', 17, 2, 6, 4),
(19041860, 'K', 'Javiera', 'Gabriela', 'Fuentes', 'Morales', 46, 1, 5, 1),
(21534755, '9', 'Patricia', 'Ana', 'Valenzuela', 'Fuentes', 46, 1, 9, 2),
(22171776, '7', 'Valentina', '', 'Pérez', 'Rojas', 40, 1, 5, 3),
(17546704, '1', 'Andrea', 'Gabriela', 'Castillo', 'Torres', 34, 1, 3, 4),
(19981262, '9', 'José', 'José', 'González', 'Araya', 17, 2, 4, 1),
(22265115, '8', 'Javiera', 'Daniela', 'González', 'Castillo', 17, 1, 7, 1),
(24178175, '5', 'Daniela', 'Carolina', 'López', 'Sepúlveda', 24, 1, 2, 4),
(21838575, '3', 'Isabel', 'Valentina', 'Silva', 'González', 20, 1, 8, 1),
(24860894, '3', 'Fernanda', 'Javiera', 'Pérez', 'Pérez', 29, 1, 6, 1),
(18375201, '4', 'Victoria', 'Daniela', 'Soto', 'Espinoza', 63, 1, 9, 4),
(18610123, '5', 'Ana', 'Francisca', 'Espinoza', 'Araya', 35, 1, 1, 3),
(18076752, '5', 'Catalina', 'Patricia', 'Martínez', 'Martínez', 56, 1, 12, 3),
(15748063, '4', 'Carlos', '', 'Morales', 'Muñoz', 53, 2, 13, 2),
(16389556, '0', 'Juan', '', 'Torres', 'González', 60, 3, 8, 3),
(15150732, '8', 'Francisca', '', 'Martínez', 'Espinoza', 49, 1, 12, 2),
(19882957, '9', 'Catalina', '', 'Castillo', 'Valenzuela', 55, 1, 8, 2),
(23852547, '0', 'Catalina', '', 'Rojas', 'Espinoza', 55, 3, 13, 2),
(16630515, '2', 'Andrea', 'Andrea', 'Castillo', 'Soto', 39, 1, 6, 2),
(23957624, '9', 'Fernanda', 'Carolina', 'Pérez', 'Espinoza', 47, 1, 4, 3),
(16899132, '0', 'Gabriel', 'Miguel', 'Rodríguez', 'Rodríguez', 44, 2, 1, 4),
(21812032, '6', 'Antonio', 'Alberto', 'Castillo', 'Silva', 40, 2, 1, 2),
(22164286, '4', 'Daniela', 'Valentina', 'Castillo', 'González', 67, 1, 4, 2),
(22850767, '9', 'Carolina', 'Carolina', 'Araya', 'Muñoz', 54, 1, 4, 4),
(19324315, '0', 'Fernanda', 'Valentina', 'Contreras', 'Martínez', 60, 1, 2, 4),
(15049648, '9', 'Antonio', 'Sebastián', 'Martínez', 'Espinoza', 55, 2, 9, 1),
(15127574, '5', 'Miguel', 'Antonio', 'Martínez', 'Sepúlveda', 48, 2, 4, 4),
(18249073, '3', 'Andrés', '', 'Díaz', 'Rojas', 64, 2, 6, 4),
(18104617, '1', 'Andrés', 'Diego', 'Contreras', 'Muñoz', 50, 2, 9, 4),
(17762399, '7', 'Catalina', '', 'Rojas', 'Silva', 38, 1, 8, 3),
(24917192, '1', 'Felipe', 'Juan', 'Espinoza', 'Castillo', 18, 2, 4, 2),
(23309168, '5', 'Nicolás', 'Carlos', 'López', 'Valenzuela', 22, 2, 12, 3),
(23138289, '5', 'Daniela', 'María', 'Rodríguez', 'Morales', 18, 1, 5, 4),
(19788305, '7', 'Felipe', 'Andrés', 'López', 'Araya', 16, 2, 10, 4),
(16702792, 'K', 'Ana', 'Victoria', 'Díaz', 'Soto', 44, 1, 6, 2),
(24250507, '7', 'Daniela', 'Fernanda', 'López', 'Silva', 47, 1, 4, 1),
(15947111, 'K', 'Fernanda', '', 'Sepúlveda', 'Sepúlveda', 65, 3, 6, 1),
(19781233, '8', 'Sebastián', '', 'Espinoza', 'López', 58, 2, 7, 2),
(17374694, '6', 'Valentina', 'Francisca', 'Silva', 'Silva', 31, 1, 9, 3),
(21788846, '8', 'Diego', 'Antonio', 'Contreras', 'Contreras', 62, 2, 7, 3),
(22818581, '7', 'Javiera', 'Ana', 'Silva', 'Flores', 41, 1, 11, 1),
(18917371, '7', 'Camila', 'Camila', 'Castillo', 'Espinoza', 46, 1, 1, 3),
(18140108, '7', 'Isabel', 'María', 'Martínez', 'López', 49, 1, 7, 1),
(18501061, '9', 'Valentina', 'Andrea', 'Contreras', 'Fuentes', 29, 1, 11, 3),
(15611962, '8', 'Valentina', 'Patricia', 'Contreras', 'Soto', 25, 1, 3, 4),
(22187668, '7', 'Ana', '', 'Díaz', 'Contreras', 15, 3, 8, 3),
(20918738, '8', 'Eduardo', 'Eduardo', 'Silva', 'Pérez', 16, 2, 1, 2),
(16411146, '6', 'Francisca', '', 'Martínez', 'Rodríguez', 34, 1, 5, 3),
(16489638, '2', 'Andrea', 'Isabel', 'Fuentes', 'Pérez', 43, 1, 5, 2),
(20898320, '2', 'Camila', 'Catalina', 'Contreras', 'Díaz', 42, 1, 13, 2),
(23099912, '0', 'Gabriela', 'Isabel', 'Soto', 'Torres', 16, 1, 6, 3),
(17974330, '2', 'María', 'Patricia', 'Fuentes', 'González', 63, 1, 3, 3),
(19946919, '3', 'Sebastián', 'Ricardo', 'Castillo', 'Castillo', 44, 2, 11, 2),
(21192189, '7', 'Victoria', 'Javiera', 'López', 'Contreras', 38, 1, 7, 1),
(18017862, '7', 'Javiera', 'Javiera', 'Silva', 'Morales', 68, 1, 2, 3),
(22493616, '8', 'Camila', 'Gabriela', 'Sepúlveda', 'Torres', 46, 1, 3, 2),
(22498778, '1', 'Isabel', 'Andrea', 'Torres', 'González', 47, 1, 11, 2),
(19137186, '0', 'Catalina', 'Catalina', 'Fuentes', 'Fuentes', 25, 1, 7, 1),
(17323763, '4', 'Daniela', 'Francisca', 'Torres', 'Contreras', 30, 1, 4, 3),
(24977585, '1', 'Catalina', 'Javiera', 'Contreras', 'Rodríguez', 54, 1, 9, 4),
(22768219, '1', 'Eduardo', 'Nicolás', 'Silva', 'Morales', 62, 2, 12, 2),
(21409249, '2', 'Alberto', '', 'Contreras', 'Morales', 67, 2, 12, 4),
(15094466, 'K', 'Andrés', 'Antonio', 'Castillo', 'Rojas', 55, 2, 2, 1),
(15892275, '4', 'Diego', 'Eduardo', 'Araya', 'Rodríguez', 17, 2, 1, 1),
(19878765, '5', 'Gabriela', 'Javiera', 'Morales', 'Soto', 66, 1, 13, 2),
(19395496, '0', 'Eduardo', 'Sebastián', 'Espinoza', 'Díaz', 45, 2, 13, 3),
(19802711, '1', 'Andrés', '', 'Díaz', 'Muñoz', 34, 3, 1, 3),
(20037708, '7', 'Isabel', '', 'Valenzuela', 'Díaz', 18, 1, 4, 3),
(23361716, '4', 'Ana', 'Gabriela', 'Rojas', 'Contreras', 66, 1, 7, 4),
(18213340, 'K', 'Andrea', 'Patricia', 'Pérez', 'Martínez', 41, 1, 5, 4),
(21894535, 'K', 'Ricardo', 'Antonio', 'Flores', 'Espinoza', 36, 2, 7, 4),
(18458788, '2', 'Javiera', 'María', 'Martínez', 'Morales', 33, 1, 8, 1),
(20796842, '0', 'Javiera', 'Victoria', 'Espinoza', 'Soto', 29, 1, 8, 2),
(17073301, '0', 'Sebastián', 'Carlos', 'Soto', 'Sepúlveda', 36, 2, 1, 4),
(20606946, '5', 'Valentina', 'Fernanda', 'Flores', 'Rodríguez', 65, 1, 6, 4),
(18306161, '5', 'Francisco', '', 'Silva', 'Contreras', 30, 3, 10, 2),
(24744411, '4', 'María', 'Catalina', 'Díaz', 'Fuentes', 45, 1, 9, 1),
(20421745, '9', 'Eduardo', 'Francisco', 'Martínez', 'Araya', 65, 2, 10, 3),
(24757369, '0', 'Diego', 'Francisco', 'Araya', 'Torres', 29, 2, 10, 2),
(19868434, '1', 'Diego', 'Sebastián', 'Rojas', 'Castillo', 56, 2, 1, 1),
(24927840, '8', 'Gabriela', 'Ana', 'Contreras', 'Morales', 47, 1, 5, 3),
(19032338, '2', 'María', '', 'Morales', 'Pérez', 51, 1, 11, 3),
(16084180, 'K', 'Diego', 'Sebastián', 'Valenzuela', 'Torres', 44, 2, 6, 1),
(16231101, '8', 'Carolina', 'Carolina', 'Castillo', 'Torres', 42, 1, 10, 1),
(20676542, '9', 'Daniela', 'Ana', 'Valenzuela', 'Muñoz', 22, 1, 3, 3),
(21597032, '9', 'María', 'Daniela', 'Flores', 'López', 22, 1, 4, 3),
(22575936, '7', 'Francisca', 'Andrea', 'Díaz', 'Torres', 16, 1, 9, 1),
(21883477, '9', 'Patricia', 'Javiera', 'Valenzuela', 'Díaz', 15, 1, 9, 1),
(20705895, '5', 'Gabriel', 'Andrés', 'Sepúlveda', 'Rodríguez', 63, 2, 11, 4),
(16512915, '6', 'Miguel', 'Francisco', 'Silva', 'Martínez', 69, 2, 12, 3),
(19714122, '0', 'Isabel', 'Gabriela', 'Valenzuela', 'Valenzuela', 20, 1, 9, 1),
(20220706, '5', 'Gabriel', 'Sebastián', 'González', 'Torres', 25, 2, 9, 3),
(23333306, '9', 'Daniela', '', 'Flores', 'Torres', 47, 1, 2, 2),
(16854619, 'K', 'Gabriela', '', 'Araya', 'Morales', 56, 1, 12, 4),
(16724962, '0', 'Valentina', 'Francisca', 'Fuentes', 'Martínez', 20, 1, 2, 4),
(18327624, '7', 'Gabriela', 'Carolina', 'Rodríguez', 'Araya', 27, 1, 10, 3),
(15717669, '2', 'Victoria', '', 'Valenzuela', 'Torres', 70, 1, 12, 4),
(24552369, '6', 'Daniela', 'María', 'Rojas', 'Espinoza', 38, 1, 5, 2),
(18164217, '3', 'Valentina', 'María', 'González', 'Fuentes', 16, 1, 1, 4),
(18488693, '6', 'Camila', 'Francisca', 'Espinoza', 'Espinoza', 57, 1, 3, 4),
(15555040, '6', 'Gabriel', 'Juan', 'Morales', 'Castillo', 16, 2, 12, 1),
(23637006, '2', 'María', 'Javiera', 'Torres', 'Rodríguez', 31, 1, 4, 2),
(24082582, '1', 'Andrés', 'Alberto', 'Sepúlveda', 'Contreras', 23, 2, 12, 3),
(17344655, '1', 'Isabel', 'Valentina', 'Díaz', 'Rodríguez', 38, 1, 11, 1),
(17156111, '6', 'Valentina', 'Gabriela', 'Flores', 'Fuentes', 41, 1, 11, 2),
(20168105, '7', 'Patricia', 'Isabel', 'Soto', 'Pérez', 39, 1, 13, 4),
(15837591, '5', 'Patricia', '', 'Pérez', 'Martínez', 40, 1, 1, 3),
(15316459, '2', 'Isabel', 'Patricia', 'Silva', 'Fuentes', 28, 1, 5, 3),
(17621074, '5', 'Miguel', '', 'Pérez', 'Araya', 24, 2, 7, 4),
(21114261, '8', 'Carolina', 'Ana', 'Pérez', 'Contreras', 30, 1, 13, 2),
(17960448, '5', 'Isabel', 'Patricia', 'Sepúlveda', 'Rodríguez', 35, 1, 3, 2),
(21495749, '3', 'Isabel', 'Javiera', 'Muñoz', 'Sepúlveda', 59, 1, 1, 1),
(21114388, '6', 'Valentina', 'Gabriela', 'Sepúlveda', 'Morales', 45, 1, 11, 3),
(22391243, '5', 'Sebastián', 'Eduardo', 'Contreras', 'Martínez', 31, 2, 13, 2),
(17850830, 'K', 'Juan', 'Nicolás', 'Morales', 'Flores', 39, 2, 12, 1),
(15419064, '3', 'Gabriela', '', 'González', 'Contreras', 57, 1, 12, 3),
(21236445, '2', 'Ana', 'Fernanda', 'Fuentes', 'Rojas', 28, 1, 2, 4),
(20537969, 'K', 'Ricardo', '', 'Pérez', 'González', 64, 2, 8, 3),
(24455184, 'K', 'Andrea', 'Ana', 'Torres', 'López', 17, 1, 6, 2),
(21127624, 'K', 'Sebastián', 'Juan', 'Silva', 'Silva', 52, 2, 1, 1),
(17324622, '6', 'Fernanda', 'Javiera', 'Pérez', 'González', 69, 1, 1, 3),
(24125767, '3', 'Javiera', 'Victoria', 'Araya', 'Morales', 64, 1, 4, 3),
(18783247, '0', 'Catalina', 'Fernanda', 'Morales', 'Araya', 19, 1, 8, 1),
(18775077, '6', 'Valentina', '', 'Araya', 'Soto', 28, 1, 4, 3),
(23561677, '7', 'Gabriela', '', 'Araya', 'Fuentes', 35, 1, 10, 3),
(15929141, '3', 'Fernanda', 'Francisca', 'Torres', 'Pérez', 61, 1, 9, 3),
(15452310, '3', 'Francisco', 'Francisco', 'Pérez', 'Soto', 47, 2, 9, 1),
(22104981, '0', 'Juan', 'Francisco', 'Muñoz', 'Torres', 25, 2, 10, 2),
(15196198, '3', 'Carolina', 'María', 'Rojas', 'Contreras', 35, 1, 8, 2),
(23961232, '6', 'Alberto', 'Andrés', 'Valenzuela', 'López', 57, 2, 1, 4),
(18538209, '5', 'Felipe', 'Diego', 'Torres', 'Sepúlveda', 65, 2, 9, 4),
(15779838, '3', 'Javiera', 'Gabriela', 'Pérez', 'Flores', 69, 1, 6, 3),
(18426993, '7', 'Victoria', '', 'Valenzuela', 'Castillo', 38, 3, 13, 1),
(19642950, '6', 'Javiera', 'Fernanda', 'Araya', 'González', 39, 1, 2, 1),
(24387870, '5', 'María', 'Francisca', 'Martínez', 'Torres', 54, 1, 13, 1),
(22322660, '4', 'Francisca', 'Camila', 'López', 'Valenzuela', 33, 1, 4, 4),
(15026225, '9', 'Francisco', 'Juan', 'Araya', 'Araya', 47, 2, 12, 1),
(19991207, '0', 'Patricia', 'Isabel', 'Torres', 'Rodríguez', 46, 1, 11, 3),
(17027350, '8', 'Diego', '', 'Castillo', 'Torres', 20, 3, 2, 1),
(24084097, '9', 'Francisca', 'Catalina', 'Torres', 'Valenzuela', 51, 1, 4, 3),
(15349528, '9', 'José', 'Alberto', 'Morales', 'Valenzuela', 32, 2, 11, 3),
(21438578, '3', 'Victoria', 'Daniela', 'Rodríguez', 'Martínez', 27, 1, 6, 3),
(18977053, '7', 'Victoria', 'Isabel', 'Espinoza', 'Flores', 50, 1, 9, 2),
(17015385, '5', 'Camila', 'Andrea', 'Castillo', 'Espinoza', 53, 1, 8, 2),
(18566533, 'K', 'Daniela', 'Patricia', 'Sepúlveda', 'López', 26, 1, 9, 3),
(22845062, '6', 'Sebastián', 'Diego', 'Flores', 'Contreras', 32, 2, 9, 3),
(22502601, '7', 'Diego', 'Felipe', 'Rojas', 'Sepúlveda', 50, 2, 9, 1),
(23869518, 'K', 'Camila', 'Ana', 'López', 'Sepúlveda', 18, 1, 3, 1),
(23588271, 'K', 'Francisco', '', 'Rodríguez', 'López', 63, 2, 11, 2),
(21002875, '7', 'Gabriela', 'Francisca', 'Fuentes', 'Torres', 58, 1, 7, 3),
(21399805, '6', 'Isabel', 'Daniela', 'Fuentes', 'Contreras', 59, 1, 8, 1),
(16068424, '0', 'Isabel', 'Andrea', 'Valenzuela', 'Morales', 31, 1, 11, 4),
(16140415, '2', 'Nicolás', 'Eduardo', 'Díaz', 'Espinoza', 41, 2, 2, 2),
(16648963, '6', 'Francisca', 'Andrea', 'Pérez', 'Pérez', 33, 1, 1, 3),
(22677926, '4', 'Gabriel', 'Sebastián', 'Espinoza', 'Castillo', 20, 2, 6, 4),
(21384999, '9', 'Daniela', 'Catalina', 'Valenzuela', 'Pérez', 16, 1, 4, 1),
(21044649, '4', 'Andrea', 'Catalina', 'Araya', 'Rodríguez', 38, 1, 2, 2),
(15532968, '8', 'Carlos', 'Sebastián', 'Rodríguez', 'Castillo', 70, 2, 1, 4),
(24297082, '9', 'Diego', 'Sebastián', 'Castillo', 'Flores', 48, 2, 8, 1),
(19739782, '9', 'Camila', 'Isabel', 'Sepúlveda', 'Fuentes', 42, 1, 1, 2),
(15089761, '0', 'Carolina', '', 'Díaz', 'Contreras', 30, 3, 10, 3),
(22364814, '2', 'José', 'Sebastián', 'Torres', 'Contreras', 62, 2, 9, 2),
(20317102, '1', 'Francisca', 'Daniela', 'Sepúlveda', 'González', 53, 1, 5, 2),
(18058542, '7', 'Carolina', 'Daniela', 'Silva', 'Muñoz', 25, 1, 3, 2),
(22391665, '1', 'Diego', '', 'Martínez', 'Contreras', 18, 2, 8, 3),
(23094159, '9', 'Sebastián', 'Sebastián', 'Fuentes', 'Pérez', 66, 2, 10, 4),
(20434505, '8', 'Victoria', 'María', 'Rodríguez', 'Espinoza', 36, 1, 10, 2),
(16330143, '1', 'Antonio', 'Miguel', 'Morales', 'Soto', 50, 2, 7, 4),
(16776271, '9', 'Patricia', 'Camila', 'Rodríguez', 'Díaz', 36, 1, 3, 3),
(17945906, 'K', 'Andrea', 'Daniela', 'Rojas', 'Rojas', 17, 1, 4, 2),
(22717257, '6', 'Felipe', 'Eduardo', 'Espinoza', 'Díaz', 38, 2, 8, 2),
(22328991, '6', 'Fernanda', 'Francisca', 'Rodríguez', 'Martínez', 21, 1, 11, 3),
(21910528, '2', 'Carolina', 'Carolina', 'Espinoza', 'Díaz', 20, 1, 8, 4),
(20364664, 'K', 'Juan', '', 'Muñoz', 'Rojas', 63, 3, 7, 4),
(17940641, '1', 'Felipe', 'Carlos', 'Rodríguez', 'Valenzuela', 37, 2, 13, 3),
(20371122, '0', 'Sebastián', 'Antonio', 'López', 'Morales', 41, 2, 4, 3),
(18606336, '8', 'Eduardo', 'Andrés', 'Silva', 'Fuentes', 27, 2, 10, 4),
(17030005, 'K', 'Valentina', 'Camila', 'Soto', 'Flores', 17, 1, 12, 2),
(15944198, '9', 'Alberto', 'Gabriel', 'Fuentes', 'Morales', 52, 2, 1, 2),
(24341543, '8', 'Fernanda', 'Carolina', 'Castillo', 'Valenzuela', 24, 1, 11, 4);

-- Insertar ventas
INSERT INTO venta (numrun, id_metodo_pago, fecha_venta, monto_subtotal, monto_descuentos, monto_final) VALUES 
(19854237, 1, '2023-08-21 21:52:43', 265870.00, 0.00, 265870.00),
(18524282, 4, '2024-11-08 21:52:43', 113940.00, 11394.00, 102546.00),
(17021310, 4, '2024-05-02 21:52:43', 377900.00, 18895.00, 359005.00),
(21477995, 3, '2024-09-16 21:52:43', 92950.00, 0.00, 92950.00),
(20135617, 3, '2023-11-14 21:52:43', 107970.00, 0.00, 107970.00),
(16806758, 1, '2024-06-02 21:52:43', 134940.00, 20241.00, 114699.00),
(19437723, 1, '2024-12-03 21:52:43', 9990.00, 999.00, 8991.00),
(18633360, 3, '2024-08-05 21:52:43', 269970.00, 0.00, 269970.00),
(15182453, 3, '2024-01-28 21:52:43', 233930.00, 0.00, 233930.00),
(16771859, 4, '2023-07-29 21:52:43', 91960.00, 4598.00, 87362.00),
(24263354, 3, '2024-07-18 21:52:43', 193920.00, 29088.00, 164832.00),
(23361716, 2, '2024-02-28 21:52:43', 421900.00, 63285.00, 358615.00),
(20898320, 1, '2023-06-28 21:52:43', 231960.00, 0.00, 231960.00),
(17358232, 1, '2025-03-10 21:52:43', 218920.00, 10946.00, 207974.00),
(16786320, 3, '2024-03-10 21:52:43', 44980.00, 0.00, 44980.00),
(21673637, 2, '2025-01-15 21:52:43', 47970.00, 0.00, 47970.00),
(21584915, 2, '2024-06-29 21:52:43', 384880.00, 0.00, 384880.00),
(22182543, 3, '2024-09-12 21:52:43', 305910.00, 0.00, 305910.00),
(19991207, 2, '2025-04-28 21:52:43', 233950.00, 11697.50, 222252.50),
(20580218, 4, '2024-03-22 21:52:43', 137930.00, 6896.50, 131033.50),
(18213340, 3, '2024-11-11 21:52:43', 119930.00, 0.00, 119930.00),
(15717669, 2, '2024-04-24 21:52:43', 38980.00, 0.00, 38980.00),
(16140415, 2, '2023-06-10 21:52:43', 162900.00, 24435.00, 138465.00),
(24387870, 4, '2023-12-30 21:52:43', 35990.00, 5398.50, 30591.50),
(18606985, 2, '2023-08-26 21:52:43', 77970.00, 15594.00, 62376.00),
(18375201, 1, '2024-03-11 21:52:43', 141910.00, 0.00, 141910.00),
(16670674, 1, '2024-11-09 21:52:43', 495890.00, 49589.00, 446301.00),
(19165664, 2, '2024-07-10 21:52:43', 15990.00, 0.00, 15990.00),
(19991207, 3, '2024-01-23 21:52:43', 113970.00, 0.00, 113970.00),
(17030005, 3, '2024-09-18 21:52:43', 172900.00, 8645.00, 164255.00),
(24996852, 4, '2024-03-13 21:52:43', 412900.00, 82580.00, 330320.00),
(17670093, 2, '2024-09-30 21:52:43', 476860.00, 71529.00, 405331.00),
(16890816, 3, '2025-03-03 21:52:43', 148910.00, 0.00, 148910.00),
(19714122, 4, '2024-05-03 21:52:43', 299910.00, 44986.50, 254923.50),
(20182103, 2, '2025-02-19 21:52:43', 416920.00, 83384.00, 333536.00),
(18501061, 3, '2025-01-30 21:52:43', 69950.00, 10492.50, 59457.50),
(15573587, 4, '2024-02-21 21:52:43', 179980.00, 0.00, 179980.00),
(18376059, 2, '2023-10-07 21:52:43', 57960.00, 0.00, 57960.00),
(20104661, 3, '2024-10-03 21:52:43', 77970.00, 0.00, 77970.00),
(15311724, 2, '2024-07-28 21:52:43', 626880.00, 94032.00, 532848.00),
(16630515, 1, '2023-09-06 21:52:43', 110950.00, 11095.00, 99855.00),
(16311545, 1, '2024-02-20 21:52:43', 38970.00, 5845.50, 33124.50),
(15089761, 4, '2023-11-25 21:52:43', 9990.00, 499.50, 9490.50),
(18354524, 1, '2024-11-13 21:52:43', 292910.00, 14645.50, 278264.50),
(18375201, 4, '2023-11-30 21:52:43', 98920.00, 4946.00, 93974.00),
(19165664, 2, '2024-11-28 21:52:43', 79950.00, 11992.50, 67957.50),
(19165664, 2, '2024-10-27 21:52:43', 107970.00, 5398.50, 102571.50),
(22717257, 1, '2024-05-30 21:52:43', 15990.00, 3198.00, 12792.00),
(18812944, 2, '2023-07-04 21:52:43', 254940.00, 38241.00, 216699.00),
(22821520, 3, '2024-01-12 21:52:43', 191890.00, 0.00, 191890.00),
(17762399, 2, '2024-09-07 21:52:43', 507910.00, 0.00, 507910.00),
(17330370, 3, '2025-03-15 21:52:43', 193940.00, 9697.00, 184243.00),
(23473618, 1, '2024-06-29 21:52:43', 77940.00, 0.00, 77940.00),
(17175948, 4, '2024-04-16 21:52:43', 365940.00, 0.00, 365940.00),
(19437179, 3, '2023-11-21 21:52:43', 205940.00, 41188.00, 164752.00),
(17453014, 3, '2023-12-30 21:52:43', 51980.00, 0.00, 51980.00),
(24229073, 1, '2023-08-02 21:52:43', 353930.00, 0.00, 353930.00),
(16421151, 1, '2023-10-28 21:52:43', 95990.00, 14398.50, 81591.50),
(21170579, 1, '2024-01-01 21:52:43', 377960.00, 37796.00, 340164.00),
(24693473, 2, '2023-11-30 21:52:43', 307950.00, 15397.50, 292552.50),
(19165664, 3, '2023-08-02 21:52:43', 25990.00, 0.00, 25990.00),
(22018800, 4, '2024-12-07 21:52:43', 93950.00, 0.00, 93950.00),
(23781671, 2, '2024-01-02 21:52:43', 19980.00, 0.00, 19980.00),
(15094466, 1, '2025-05-01 21:52:43', 117960.00, 0.00, 117960.00),
(21002875, 3, '2024-08-04 21:52:43', 229910.00, 22991.00, 206919.00),
(21495749, 3, '2024-07-09 21:52:43', 34980.00, 3498.00, 31482.00),
(19229651, 4, '2023-07-18 21:52:43', 56970.00, 0.00, 56970.00),
(21438578, 2, '2025-03-21 21:52:43', 253940.00, 25394.00, 228546.00),
(17358232, 3, '2024-02-10 21:52:43', 280940.00, 0.00, 280940.00),
(18017862, 4, '2024-07-25 21:52:43', 200930.00, 10046.50, 190883.50),
(16689938, 2, '2024-03-22 21:52:43', 47970.00, 9594.00, 38376.00),
(20411767, 2, '2024-08-07 21:52:43', 81960.00, 12294.00, 69666.00),
(23363953, 3, '2025-04-14 21:52:43', 221950.00, 22195.00, 199755.00),
(19210410, 1, '2024-09-28 21:52:43', 323960.00, 0.00, 323960.00),
(22818581, 4, '2025-01-29 21:52:43', 473880.00, 0.00, 473880.00),
(18164217, 4, '2024-06-13 21:52:43', 29970.00, 0.00, 29970.00),
(22391243, 4, '2024-04-01 21:52:43', 506910.00, 101382.00, 405528.00),
(24612322, 4, '2023-11-28 21:52:43', 44970.00, 6745.50, 38224.50),
(20421745, 1, '2025-01-22 21:52:43', 241940.00, 48388.00, 193552.00),
(16085741, 1, '2024-08-08 21:52:43', 250940.00, 0.00, 250940.00),
(21870058, 3, '2024-01-24 21:52:43', 35990.00, 0.00, 35990.00),
(19788305, 2, '2023-06-26 21:52:43', 269970.00, 13498.50, 256471.50),
(19854237, 1, '2024-12-10 21:52:43', 116910.00, 23382.00, 93528.00),
(16188120, 3, '2024-10-02 21:52:43', 188910.00, 28336.50, 160573.50),
(18164217, 2, '2024-05-29 21:52:43', 25980.00, 0.00, 25980.00),
(19946919, 2, '2023-08-28 21:52:43', 68970.00, 3448.50, 65521.50),
(17906679, 2, '2025-02-14 21:52:43', 333910.00, 16695.50, 317214.50),
(16871951, 3, '2024-10-13 21:52:43', 339950.00, 0.00, 339950.00),
(16776271, 4, '2024-05-12 21:52:43', 317940.00, 15897.00, 302043.00),
(21658015, 3, '2024-03-07 21:52:43', 51980.00, 2599.00, 49381.00),
(19739782, 2, '2024-01-08 21:52:43', 147960.00, 29592.00, 118368.00),
(17546704, 1, '2025-02-11 21:52:43', 74960.00, 11244.00, 63716.00),
(16384318, 1, '2024-07-10 21:52:43', 231960.00, 0.00, 231960.00),
(17073301, 3, '2024-04-04 21:52:43', 107970.00, 21594.00, 86376.00),
(15892275, 4, '2024-07-15 21:52:43', 202910.00, 0.00, 202910.00),
(15118649, 3, '2024-04-25 21:52:43', 254940.00, 0.00, 254940.00),
(16330143, 2, '2025-03-28 21:52:43', 434900.00, 65235.00, 369665.00),
(15748063, 2, '2024-08-29 21:52:43', 49960.00, 0.00, 49960.00),
(20138448, 2, '2025-04-03 21:52:43', 143920.00, 21588.00, 122332.00),
(15316459, 1, '2023-07-15 21:52:43', 247930.00, 0.00, 247930.00),
(16630515, 1, '2024-04-27 21:52:43', 125940.00, 12594.00, 113346.00),
(16871951, 4, '2024-07-20 21:52:43', 81940.00, 12291.00, 69649.00),
(24082582, 4, '2023-06-22 21:52:43', 109930.00, 16489.50, 93440.50),
(18535179, 2, '2024-12-16 21:52:43', 15990.00, 799.50, 15190.50),
(19781233, 3, '2025-05-05 21:52:43', 139950.00, 6997.50, 132952.50),
(17015385, 4, '2024-12-05 21:52:43', 234870.00, 0.00, 234870.00),
(20284229, 3, '2024-07-20 21:52:43', 196920.00, 9846.00, 187074.00),
(24013502, 2, '2023-10-08 21:52:43', 428870.00, 64330.50, 364539.50),
(22513849, 2, '2023-12-09 21:52:43', 471910.00, 0.00, 471910.00),
(15596208, 3, '2025-04-15 21:52:43', 90970.00, 0.00, 90970.00),
(20421745, 4, '2024-12-07 21:52:43', 326940.00, 0.00, 326940.00),
(21534755, 1, '2023-12-23 21:52:43', 169930.00, 25489.50, 144440.50),
(19412992, 1, '2024-08-02 21:52:43', 93950.00, 0.00, 93950.00),
(21236445, 4, '2024-01-16 21:52:43', 317940.00, 0.00, 317940.00),
(19801618, 2, '2024-02-03 21:52:43', 535900.00, 0.00, 535900.00),
(21442027, 2, '2025-02-20 21:52:43', 93950.00, 14092.50, 79857.50),
(18104617, 2, '2024-12-22 21:52:43', 229930.00, 11496.50, 218433.50),
(17534951, 2, '2023-08-02 21:52:43', 424880.00, 21244.00, 403636.00),
(15417866, 1, '2024-04-08 21:52:43', 64960.00, 0.00, 64960.00),
(15419064, 4, '2024-05-04 21:52:43', 144920.00, 7246.00, 137674.00),
(24552369, 3, '2024-09-03 21:52:43', 31980.00, 1599.00, 30381.00),
(16084180, 3, '2024-12-22 21:52:43', 191910.00, 0.00, 191910.00),
(22966375, 1, '2025-01-11 21:52:43', 214970.00, 42994.00, 171976.00),
(18524282, 3, '2025-03-08 21:52:43', 157910.00, 0.00, 157910.00),
(16871951, 3, '2023-09-23 21:52:43', 525880.00, 105176.00, 420704.00),
(23579829, 4, '2024-04-30 21:52:43', 134970.00, 0.00, 134970.00),
(15947111, 1, '2024-02-23 21:52:43', 111940.00, 11194.00, 100746.00),
(18566533, 4, '2025-03-05 21:52:43', 178940.00, 0.00, 178940.00),
(23588271, 2, '2024-01-08 21:52:43', 217960.00, 0.00, 217960.00),
(15311724, 4, '2025-01-25 21:52:43', 491900.00, 98380.00, 393520.00),
(24229073, 4, '2025-06-06 21:52:43', 244900.00, 0.00, 244900.00),
(19359010, 2, '2025-05-23 21:52:43', 61960.00, 0.00, 61960.00),
(17358232, 4, '2023-12-16 21:52:43', 154890.00, 30978.00, 123912.00),
(24996459, 4, '2023-06-26 21:52:43', 389930.00, 0.00, 389930.00),
(19041860, 2, '2025-02-19 21:52:43', 71980.00, 0.00, 71980.00),
(24229073, 3, '2025-04-08 21:52:43', 38970.00, 0.00, 38970.00),
(19008060, 4, '2025-05-06 21:52:43', 202920.00, 10146.00, 192774.00),
(19788305, 4, '2024-02-26 21:52:43', 38970.00, 7794.00, 31176.00),
(18017862, 3, '2024-11-25 21:52:43', 140950.00, 0.00, 140950.00),
(18566533, 2, '2024-02-14 21:52:43', 608910.00, 121782.00, 487128.00),
(15779838, 1, '2025-04-04 21:52:43', 87970.00, 8797.00, 79173.00),
(16786320, 4, '2023-10-12 21:52:43', 234900.00, 0.00, 234900.00),
(19714122, 4, '2025-04-17 21:52:43', 120940.00, 0.00, 120940.00),
(22657174, 1, '2024-07-18 21:52:43', 459910.00, 0.00, 459910.00),
(16670674, 4, '2024-07-12 21:52:43', 430900.00, 86180.00, 344720.00),
(20056140, 2, '2025-02-06 21:52:43', 47980.00, 4798.00, 43182.00),
(16786320, 3, '2025-04-19 21:52:43', 420890.00, 84178.00, 336712.00),
(15127574, 1, '2024-06-21 21:52:43', 99980.00, 19996.00, 79984.00),
(20531840, 4, '2023-11-30 21:52:43', 25990.00, 0.00, 25990.00),
(19802711, 4, '2025-04-15 21:52:43', 130930.00, 19639.50, 111290.50),
(19695752, 4, '2024-10-06 21:52:43', 163950.00, 0.00, 163950.00),
(21438578, 4, '2023-09-01 21:52:43', 86940.00, 13041.00, 73899.00),
(17546704, 2, '2024-11-27 21:52:43', 486920.00, 24346.00, 462574.00),
(15150732, 4, '2025-01-23 21:52:43', 23980.00, 0.00, 23980.00),
(15983486, 3, '2023-06-11 21:52:43', 105980.00, 0.00, 105980.00),
(22925793, 2, '2023-09-13 21:52:43', 47970.00, 0.00, 47970.00),
(23903737, 1, '2025-04-08 21:52:43', 84950.00, 8495.00, 76455.00),
(21429356, 1, '2024-12-10 21:52:43', 279960.00, 55992.00, 223968.00),
(21074243, 1, '2023-07-19 21:52:43', 287970.00, 0.00, 287970.00),
(16188120, 1, '2023-07-22 21:52:43', 38970.00, 0.00, 38970.00),
(15199045, 1, '2024-10-15 21:52:43', 95950.00, 0.00, 95950.00),
(21534755, 3, '2024-09-06 21:52:43', 179980.00, 0.00, 179980.00),
(18073333, 4, '2024-01-28 21:52:43', 106960.00, 16044.00, 90916.00),
(21420657, 1, '2024-12-08 21:52:43', 227970.00, 22797.00, 205173.00),
(22020047, 3, '2023-11-16 21:52:43', 129920.00, 25984.00, 103936.00),
(21310196, 3, '2025-04-20 21:52:43', 42960.00, 6444.00, 36516.00),
(16906425, 2, '2023-12-10 21:52:43', 306920.00, 0.00, 306920.00),
(18524282, 4, '2024-05-26 21:52:43', 167960.00, 0.00, 167960.00),
(20583986, 3, '2024-09-21 21:52:43', 439920.00, 43992.00, 395928.00),
(23654766, 3, '2024-08-02 21:52:43', 132940.00, 26588.00, 106352.00),
(15182453, 3, '2023-10-28 21:52:43', 441920.00, 0.00, 441920.00),
(23384503, 1, '2023-11-04 21:52:43', 116930.00, 0.00, 116930.00),
(20364664, 3, '2023-07-01 21:52:43', 234900.00, 0.00, 234900.00),
(24761296, 4, '2023-09-21 21:52:43', 86930.00, 8693.00, 78237.00),
(17556406, 4, '2024-11-27 21:52:43', 334940.00, 0.00, 334940.00),
(20839389, 4, '2025-04-20 21:52:43', 339920.00, 0.00, 339920.00),
(22391243, 4, '2024-01-04 21:52:43', 31980.00, 4797.00, 27183.00),
(19788305, 3, '2024-09-16 21:52:43', 219930.00, 0.00, 219930.00),
(24550762, 1, '2024-12-13 21:52:43', 145960.00, 21894.00, 124066.00),
(22364931, 2, '2023-07-20 21:52:43', 152920.00, 22938.00, 129982.00),
(17021310, 4, '2025-02-10 21:52:43', 278940.00, 55788.00, 223152.00),
(23309168, 1, '2024-05-19 21:52:43', 49960.00, 7494.00, 42466.00),
(19777762, 2, '2023-09-04 21:52:43', 362930.00, 0.00, 362930.00),
(18566533, 4, '2024-03-03 21:52:43', 304910.00, 15245.50, 289664.50),
(16421151, 2, '2024-11-28 21:52:43', 169910.00, 8495.50, 161414.50),
(22020047, 2, '2024-05-27 21:52:43', 22980.00, 0.00, 22980.00),
(16899132, 2, '2024-07-16 21:52:43', 153930.00, 23089.50, 130840.50),
(21162034, 3, '2023-10-13 21:52:43', 383940.00, 19197.00, 364743.00),
(15532968, 3, '2024-01-03 21:52:43', 388910.00, 0.00, 388910.00),
(15573587, 1, '2024-05-13 21:52:43', 187950.00, 0.00, 187950.00),
(20580218, 2, '2023-08-20 21:52:43', 71960.00, 3598.00, 68362.00),
(22502601, 3, '2023-11-05 21:52:43', 120960.00, 0.00, 120960.00),
(17374694, 2, '2024-04-24 21:52:43', 125960.00, 0.00, 125960.00),
(16050942, 1, '2025-03-01 21:52:43', 323940.00, 0.00, 323940.00),
(19610772, 3, '2025-05-10 21:52:43', 77970.00, 0.00, 77970.00),
(23913543, 3, '2025-01-18 21:52:43', 394890.00, 0.00, 394890.00),
(18631601, 2, '2024-02-10 21:52:43', 23980.00, 0.00, 23980.00),
(17646020, 1, '2023-08-24 21:52:43', 237960.00, 11898.00, 226062.00),
(18467567, 4, '2024-10-09 21:52:43', 298920.00, 0.00, 298920.00),
(20371122, 3, '2025-05-30 21:52:43', 77970.00, 15594.00, 62376.00),
(15555040, 1, '2023-11-22 21:52:43', 153960.00, 0.00, 153960.00),
(16444664, 3, '2023-12-22 21:52:43', 128950.00, 0.00, 128950.00),
(17816274, 4, '2024-04-02 21:52:43', 198900.00, 0.00, 198900.00),
(20537969, 3, '2025-04-09 21:52:43', 70970.00, 10645.50, 60324.50),
(18327624, 3, '2023-10-10 21:52:43', 358930.00, 71786.00, 287144.00),
(23588271, 4, '2024-11-22 21:52:43', 171960.00, 0.00, 171960.00),
(21398805, 3, '2024-02-03 21:52:43', 407920.00, 0.00, 407920.00),
(23588271, 1, '2025-06-02 21:52:43', 136910.00, 0.00, 136910.00),
(20104661, 2, '2023-09-03 21:52:43', 95990.00, 19198.00, 76792.00),
(20284229, 2, '2024-11-09 21:52:43', 77970.00, 11695.50, 66274.50),
(21127624, 4, '2023-08-29 21:52:43', 125960.00, 6298.00, 119662.00),
(22845062, 3, '2025-02-18 21:52:43', 175930.00, 0.00, 175930.00),
(19610772, 3, '2024-04-08 21:52:43', 383910.00, 0.00, 383910.00),
(23869518, 1, '2023-09-19 21:52:43', 38980.00, 0.00, 38980.00),
(21838575, 1, '2024-01-04 21:52:43', 209920.00, 10496.00, 199424.00),
(23019424, 3, '2024-10-28 21:52:43', 334930.00, 33493.00, 301437.00),
(18917371, 2, '2024-02-23 21:52:43', 382910.00, 38291.00, 344619.00),
(23953040, 2, '2025-05-18 21:52:43', 193930.00, 0.00, 193930.00),
(22325202, 4, '2023-11-08 21:52:43', 156950.00, 23542.50, 133407.50),
(16871951, 2, '2024-07-01 21:52:43', 610880.00, 0.00, 610880.00),
(22966375, 3, '2023-11-21 21:52:43', 214970.00, 0.00, 214970.00),
(21074243, 4, '2024-04-24 21:52:43', 619900.00, 0.00, 619900.00),
(24909363, 2, '2023-11-23 21:52:43', 150900.00, 0.00, 150900.00),
(16771564, 3, '2023-06-23 21:52:43', 206890.00, 41378.00, 165512.00),
(21074243, 2, '2023-12-16 21:52:43', 143960.00, 0.00, 143960.00),
(22890634, 3, '2025-05-11 21:52:43', 11990.00, 2398.00, 9592.00),
(21037338, 4, '2024-10-17 21:52:43', 323900.00, 0.00, 323900.00),
(16686987, 3, '2024-12-23 21:52:43', 18990.00, 3798.00, 15192.00),
(19430136, 3, '2024-04-09 21:52:43', 179980.00, 0.00, 179980.00),
(22182543, 2, '2023-10-30 21:52:43', 167950.00, 0.00, 167950.00),
(18312266, 1, '2024-11-03 21:52:43', 57960.00, 0.00, 57960.00),
(18306161, 1, '2024-11-17 21:52:43', 22990.00, 0.00, 22990.00),
(23099912, 3, '2023-06-09 21:52:43', 160900.00, 0.00, 160900.00),
(16068107, 4, '2024-10-19 21:52:43', 397940.00, 79588.00, 318352.00),
(19714122, 1, '2024-12-07 21:52:43', 230950.00, 46190.00, 184760.00),
(20411767, 3, '2025-06-02 21:52:43', 48980.00, 2449.00, 46531.00),
(20729864, 1, '2024-12-18 21:52:43', 119960.00, 0.00, 119960.00),
(17914231, 4, '2025-03-04 21:52:43', 214890.00, 42978.00, 171912.00),
(22241868, 4, '2024-12-22 21:52:43', 84970.00, 4248.50, 80721.50),
(15649640, 2, '2024-10-11 21:52:43', 401930.00, 0.00, 401930.00),
(21037338, 2, '2024-05-28 21:52:43', 179960.00, 35992.00, 143968.00),
(19695752, 1, '2025-03-16 21:52:43', 305910.00, 15295.50, 290614.50),
(21037338, 2, '2024-07-07 21:52:43', 81970.00, 0.00, 81970.00),
(22265115, 3, '2023-07-07 21:52:43', 350920.00, 52638.00, 298282.00),
(24856420, 3, '2024-08-21 21:52:43', 99980.00, 0.00, 99980.00),
(24996852, 4, '2024-12-19 21:52:43', 35970.00, 0.00, 35970.00),
(21409249, 1, '2024-07-20 21:52:43', 398890.00, 59833.50, 339056.50),
(18775077, 4, '2023-10-07 21:52:43', 38970.00, 1948.50, 37021.50),
(21658015, 4, '2023-09-01 21:52:43', 39970.00, 0.00, 39970.00),
(24387870, 2, '2024-04-10 21:52:43', 281960.00, 0.00, 281960.00),
(15316459, 1, '2024-08-01 21:52:43', 343940.00, 0.00, 343940.00),
(16771564, 2, '2024-07-05 21:52:43', 87930.00, 13189.50, 74740.50),
(16161615, 2, '2025-04-26 21:52:43', 287950.00, 0.00, 287950.00),
(20470565, 1, '2024-10-03 21:52:43', 341940.00, 34194.00, 307746.00),
(19166536, 1, '2025-01-07 21:52:43', 58950.00, 11790.00, 47160.00),
(16871951, 4, '2024-02-23 21:52:43', 368920.00, 18446.00, 350474.00),
(19032338, 4, '2024-10-27 21:52:43', 207920.00, 0.00, 207920.00),
(15717669, 4, '2024-01-05 21:52:43', 249940.00, 37491.00, 212449.00),
(17323763, 4, '2025-02-17 21:52:43', 95990.00, 14398.50, 81591.50),
(22265115, 3, '2024-03-08 21:52:43', 42960.00, 6444.00, 36516.00),
(21127624, 3, '2025-05-05 21:52:43', 200930.00, 0.00, 200930.00),
(21127624, 2, '2024-02-05 21:52:43', 51980.00, 0.00, 51980.00),
(24909363, 1, '2024-03-07 21:52:43', 11990.00, 0.00, 11990.00),
(23473618, 3, '2024-07-31 21:52:43', 23980.00, 0.00, 23980.00),
(22810836, 1, '2023-07-24 21:52:43', 236950.00, 0.00, 236950.00),
(21429356, 1, '2024-06-12 21:52:43', 417930.00, 41793.00, 376137.00),
(15099094, 4, '2024-05-05 21:52:43', 25980.00, 0.00, 25980.00),
(22391665, 3, '2024-06-11 21:52:43', 89990.00, 0.00, 89990.00),
(16421151, 1, '2023-07-15 21:52:43', 162920.00, 0.00, 162920.00),
(21037338, 2, '2023-11-07 21:52:43', 191980.00, 38396.00, 153584.00),
(19041860, 3, '2024-06-06 21:52:43', 390880.00, 19544.00, 371336.00),
(21274498, 1, '2025-05-12 21:52:43', 37980.00, 0.00, 37980.00),
(24744411, 3, '2025-02-28 21:52:43', 306910.00, 61382.00, 245528.00),
(24082582, 4, '2025-03-03 21:52:43', 86940.00, 8694.00, 78246.00),
(21044649, 3, '2023-09-17 21:52:43', 18990.00, 2848.50, 16141.50),
(15419064, 1, '2023-07-09 21:52:43', 336910.00, 0.00, 336910.00),
(19781233, 2, '2024-07-15 21:52:43', 170910.00, 17091.00, 153819.00),
(21470395, 4, '2025-03-29 21:52:43', 68970.00, 0.00, 68970.00),
(23957624, 3, '2023-12-12 21:52:43', 292950.00, 29295.00, 263655.00),
(18884236, 4, '2023-08-15 21:52:43', 333890.00, 16694.50, 317195.50),
(22018800, 1, '2024-07-10 21:52:43', 18990.00, 0.00, 18990.00),
(22855003, 4, '2023-12-09 21:52:43', 48960.00, 4896.00, 44064.00),
(22502601, 1, '2024-04-21 21:52:43', 154890.00, 23233.50, 131656.50),
(20729864, 3, '2025-03-17 21:52:43', 178920.00, 0.00, 178920.00),
(20583986, 3, '2023-07-24 21:52:43', 444900.00, 66735.00, 378165.00),
(22850767, 2, '2024-02-28 21:52:43', 162920.00, 32584.00, 130336.00),
(17556406, 1, '2025-02-23 21:52:43', 92960.00, 4648.00, 88312.00),
(22171776, 2, '2024-08-27 21:52:43', 89990.00, 13498.50, 76491.50),
(19283483, 3, '2025-04-25 21:52:43', 37980.00, 1899.00, 36081.00),
(16512915, 2, '2024-02-06 21:52:43', 395900.00, 39590.00, 356310.00),
(16786320, 4, '2025-04-08 21:52:43', 205910.00, 30886.50, 175023.50),
(19739782, 3, '2024-01-29 21:52:43', 68970.00, 0.00, 68970.00),
(22812328, 4, '2023-09-27 21:52:43', 476900.00, 0.00, 476900.00),
(23099912, 3, '2025-04-18 21:52:43', 174900.00, 26235.00, 148665.00),
(17449828, 2, '2024-07-24 21:52:43', 333930.00, 33393.00, 300537.00),
(16689938, 4, '2024-11-23 21:52:43', 421900.00, 0.00, 421900.00),
(18812944, 4, '2025-05-28 21:52:43', 68970.00, 3448.50, 65521.50),
(21310196, 2, '2025-03-30 21:52:43', 241890.00, 0.00, 241890.00),
(17850830, 4, '2024-06-18 21:52:43', 32980.00, 3298.00, 29682.00),
(22810836, 1, '2025-04-15 21:52:43', 189940.00, 0.00, 189940.00),
(23418383, 4, '2023-07-08 21:52:43', 248950.00, 49790.00, 199160.00),
(24369117, 1, '2024-06-12 21:52:43', 136940.00, 13694.00, 123246.00),
(23579829, 2, '2023-10-11 21:52:43', 398910.00, 0.00, 398910.00),
(15824179, 2, '2025-01-26 21:52:43', 48960.00, 4896.00, 44064.00),
(23177690, 4, '2023-09-13 21:52:43', 240890.00, 24089.00, 216801.00),
(16384318, 4, '2024-07-21 21:52:43', 334880.00, 33488.00, 301392.00),
(18058542, 4, '2023-10-09 21:52:43', 25980.00, 0.00, 25980.00),
(19430136, 2, '2025-04-06 21:52:43', 86950.00, 17390.00, 69560.00),
(19981262, 4, '2025-05-03 21:52:43', 337940.00, 33794.00, 304146.00),
(22391665, 3, '2023-11-09 21:52:43', 120940.00, 0.00, 120940.00),
(19446483, 1, '2023-07-31 21:52:43', 198920.00, 0.00, 198920.00),
(16686987, 2, '2024-10-19 21:52:43', 93950.00, 0.00, 93950.00),
(20606946, 2, '2025-03-11 21:52:43', 424880.00, 42488.00, 382392.00),
(20839389, 3, '2023-11-13 21:52:43', 287970.00, 57594.00, 230376.00),
(17974330, 1, '2024-06-01 21:52:43', 207930.00, 41586.00, 166344.00),
(21236445, 1, '2024-02-05 21:52:43', 77970.00, 7797.00, 70173.00),
(24682333, 4, '2025-03-12 21:52:43', 411900.00, 61785.00, 350115.00),
(20317102, 4, '2023-11-13 21:52:43', 51980.00, 0.00, 51980.00),
(24693473, 1, '2023-08-24 21:52:43', 583880.00, 0.00, 583880.00),
(21037338, 3, '2024-02-04 21:52:43', 161910.00, 24286.50, 137623.50),
(18327624, 1, '2023-09-18 21:52:43', 324900.00, 0.00, 324900.00),
(17556406, 2, '2025-03-29 21:52:43', 237900.00, 35685.00, 202215.00),
(17534951, 3, '2025-04-27 21:52:43', 122930.00, 0.00, 122930.00),
(21534755, 1, '2023-10-23 21:52:43', 319910.00, 0.00, 319910.00),
(24130967, 2, '2024-11-29 21:52:43', 291960.00, 0.00, 291960.00),
(19695752, 1, '2024-08-28 21:52:43', 126920.00, 6346.00, 120574.00),
(23333306, 3, '2025-04-27 21:52:43', 132910.00, 0.00, 132910.00),
(20168105, 1, '2025-01-07 21:52:43', 231900.00, 34785.00, 197115.00),
(15118649, 3, '2025-05-21 21:52:43', 499930.00, 74989.50, 424940.50),
(15137876, 2, '2024-04-20 21:52:43', 182900.00, 18290.00, 164610.00),
(16080563, 3, '2023-11-23 21:52:43', 527920.00, 26396.00, 501524.00),
(21974304, 4, '2025-05-26 21:52:43', 490880.00, 0.00, 490880.00),
(24387870, 3, '2024-11-08 21:52:43', 23980.00, 4796.00, 19184.00),
(23418383, 2, '2024-12-30 21:52:43', 258920.00, 51784.00, 207136.00),
(15748063, 2, '2024-10-12 21:52:43', 19980.00, 1998.00, 17982.00),
(23177690, 1, '2024-03-24 21:52:43', 434890.00, 86978.00, 347912.00),
(16081199, 4, '2023-06-14 21:52:43', 25980.00, 0.00, 25980.00),
(24977585, 3, '2023-10-01 21:52:43', 316890.00, 47533.50, 269356.50),
(20135617, 1, '2025-04-22 21:52:43', 400910.00, 0.00, 400910.00),
(16833914, 1, '2024-12-30 21:52:43', 348940.00, 0.00, 348940.00),
(19137186, 1, '2023-06-15 21:52:43', 470890.00, 0.00, 470890.00),
(22250760, 2, '2023-07-03 21:52:43', 193920.00, 0.00, 193920.00),
(23094159, 1, '2024-06-02 21:52:43', 179900.00, 0.00, 179900.00),
(20756781, 4, '2024-08-17 21:52:43', 472900.00, 23645.00, 449255.00),
(15199045, 2, '2024-05-24 21:52:43', 115940.00, 0.00, 115940.00),
(21763610, 4, '2024-10-16 21:52:43', 262870.00, 52574.00, 210296.00),
(15127574, 1, '2023-10-24 21:52:43', 109950.00, 5497.50, 104452.50),
(16686987, 4, '2025-01-07 21:52:43', 22990.00, 1149.50, 21840.50),
(17906679, 2, '2023-12-24 21:52:43', 287970.00, 0.00, 287970.00),
(18312266, 3, '2024-01-27 21:52:43', 381900.00, 76380.00, 305520.00);

-- Insertar detalles de venta
INSERT INTO detalle_venta (id_venta, id_producto, cantidad, precio_unitario) VALUES 
(1, 9, 2, 35990.00),
(1, 1, 3, 18990.00),
(1, 3, 2, 9990.00),
(1, 8, 3, 25990.00),
(1, 2, 3, 12990.00),
(2, 3, 2, 9990.00),
(2, 4, 1, 15990.00),
(2, 8, 3, 25990.00),
(3, 6, 3, 89990.00),
(3, 3, 3, 9990.00),
(3, 2, 2, 12990.00),
(3, 8, 2, 25990.00),
(4, 10, 1, 11990.00),
(4, 5, 2, 22990.00),
(4, 1, 1, 18990.00),
(4, 4, 1, 15990.00),
(5, 9, 3, 35990.00),
(6, 1, 3, 18990.00),
(6, 8, 3, 25990.00),
(7, 3, 1, 9990.00),
(8, 6, 3, 89990.00),
(9, 5, 2, 22990.00),
(9, 6, 1, 89990.00),
(9, 2, 2, 12990.00),
(9, 9, 2, 35990.00),
(10, 9, 2, 35990.00),
(10, 3, 2, 9990.00),
(11, 4, 3, 15990.00),
(11, 1, 2, 18990.00),
(11, 9, 3, 35990.00),
(12, 5, 2, 22990.00),
(12, 6, 3, 89990.00),
(12, 9, 1, 35990.00),
(12, 4, 2, 15990.00),
(12, 1, 2, 18990.00),
(13, 6, 2, 89990.00),
(13, 8, 2, 25990.00),
(14, 2, 2, 12990.00),
(14, 9, 1, 35990.00),
(14, 3, 1, 9990.00),
(14, 1, 3, 18990.00),
(14, 6, 1, 89990.00),
(15, 1, 1, 18990.00),
(15, 8, 1, 25990.00),
(16, 4, 3, 15990.00),
(17, 1, 3, 18990.00),
(17, 9, 2, 35990.00),
(17, 5, 2, 22990.00),
(17, 3, 3, 9990.00),
(17, 6, 2, 89990.00),
(18, 10, 1, 11990.00),
(18, 2, 2, 12990.00),
(18, 6, 2, 89990.00),
(18, 5, 3, 22990.00),
(18, 1, 1, 18990.00),
(19, 4, 1, 15990.00),
(19, 6, 2, 89990.00),
(19, 1, 2, 18990.00),
(20, 8, 2, 25990.00),
(20, 4, 3, 15990.00),
(20, 1, 2, 18990.00),
(21, 3, 3, 9990.00),
(21, 4, 1, 15990.00),
(21, 9, 1, 35990.00),
(21, 1, 2, 18990.00),
(22, 2, 1, 12990.00),
(22, 8, 1, 25990.00),
(23, 2, 3, 12990.00),
(23, 8, 3, 25990.00),
(23, 10, 3, 11990.00),
(23, 3, 1, 9990.00),
(24, 9, 1, 35990.00),
(25, 8, 3, 25990.00),
(26, 5, 2, 22990.00),
(26, 3, 3, 9990.00),
(26, 4, 1, 15990.00),
(26, 1, 2, 18990.00),
(26, 10, 1, 11990.00),
(27, 8, 3, 25990.00),
(27, 3, 2, 9990.00),
(27, 4, 2, 15990.00),
(27, 6, 3, 89990.00),
(27, 7, 1, 95990.00),
(28, 4, 1, 15990.00),
(29, 6, 1, 89990.00),
(29, 10, 2, 11990.00),
(30, 5, 3, 22990.00),
(30, 3, 1, 9990.00),
(30, 1, 2, 18990.00),
(30, 4, 2, 15990.00),
(30, 10, 2, 11990.00),
(31, 3, 3, 9990.00),
(31, 2, 1, 12990.00),
(31, 5, 2, 22990.00),
(31, 9, 1, 35990.00),
(31, 7, 3, 95990.00),
(32, 8, 3, 25990.00),
(32, 4, 3, 15990.00),
(32, 6, 3, 89990.00),
(32, 1, 3, 18990.00),
(32, 10, 2, 11990.00),
(33, 4, 3, 15990.00),
(33, 3, 2, 9990.00),
(33, 5, 3, 22990.00),
(33, 10, 1, 11990.00),
(34, 6, 1, 89990.00),
(34, 4, 2, 15990.00),
(34, 7, 1, 95990.00),
(34, 10, 3, 11990.00),
(34, 5, 2, 22990.00),
(35, 9, 2, 35990.00),
(35, 7, 3, 95990.00),
(35, 1, 3, 18990.00),
(36, 3, 2, 9990.00),
(36, 8, 1, 25990.00),
(36, 10, 2, 11990.00),
(37, 6, 2, 89990.00),
(38, 1, 2, 18990.00),
(38, 3, 2, 9990.00),
(39, 8, 3, 25990.00),
(40, 6, 2, 89990.00),
(40, 8, 2, 25990.00),
(40, 5, 3, 22990.00),
(40, 1, 2, 18990.00),
(40, 7, 3, 95990.00),
(41, 9, 2, 35990.00),
(41, 2, 3, 12990.00),
(42, 2, 3, 12990.00),
(43, 3, 1, 9990.00),
(44, 10, 2, 11990.00),
(44, 5, 3, 22990.00),
(44, 6, 2, 89990.00),
(44, 3, 2, 9990.00),
(45, 2, 1, 12990.00),
(45, 10, 2, 11990.00),
(45, 3, 3, 9990.00),
(45, 4, 2, 15990.00),
(46, 1, 1, 18990.00),
(46, 2, 1, 12990.00),
(46, 4, 3, 15990.00),
(47, 9, 3, 35990.00),
(48, 4, 1, 15990.00),
(49, 1, 1, 18990.00),
(49, 8, 1, 25990.00),
(49, 10, 2, 11990.00),
(49, 6, 1, 89990.00),
(49, 7, 1, 95990.00),
(50, 10, 3, 11990.00),
(50, 2, 2, 12990.00),
(50, 8, 2, 25990.00),
(50, 4, 2, 15990.00),
(50, 5, 2, 22990.00),
(51, 6, 1, 89990.00),
(51, 7, 3, 95990.00),
(51, 4, 1, 15990.00),
(51, 8, 3, 25990.00),
(51, 9, 1, 35990.00),
(52, 9, 1, 35990.00),
(52, 7, 1, 95990.00),
(52, 10, 3, 11990.00),
(52, 8, 1, 25990.00),
(53, 4, 1, 15990.00),
(53, 2, 2, 12990.00),
(53, 10, 3, 11990.00),
(54, 8, 3, 25990.00),
(54, 7, 3, 95990.00),
(55, 7, 1, 95990.00),
(55, 4, 2, 15990.00),
(55, 8, 3, 25990.00),
(56, 4, 1, 15990.00),
(56, 9, 1, 35990.00),
(57, 8, 2, 25990.00),
(57, 6, 1, 89990.00),
(57, 7, 2, 95990.00),
(57, 3, 2, 9990.00),
(58, 7, 1, 95990.00),
(59, 7, 3, 95990.00),
(59, 6, 1, 89990.00),
(60, 6, 3, 89990.00),
(60, 1, 2, 18990.00),
(61, 8, 1, 25990.00),
(62, 4, 3, 15990.00),
(62, 5, 2, 22990.00),
(63, 3, 2, 9990.00),
(64, 3, 1, 9990.00),
(64, 9, 3, 35990.00),
(65, 10, 2, 11990.00),
(65, 2, 2, 12990.00),
(65, 8, 2, 25990.00),
(65, 7, 1, 95990.00),
(65, 4, 2, 15990.00),
(66, 4, 1, 15990.00),
(66, 1, 1, 18990.00),
(67, 1, 3, 18990.00),
(68, 3, 2, 9990.00),
(68, 8, 1, 25990.00),
(68, 4, 1, 15990.00),
(68, 7, 2, 95990.00),
(69, 5, 1, 22990.00),
(69, 6, 2, 89990.00),
(69, 8, 3, 25990.00),
(70, 4, 2, 15990.00),
(70, 6, 1, 89990.00),
(70, 5, 3, 22990.00),
(70, 3, 1, 9990.00),
(71, 4, 3, 15990.00),
(72, 2, 1, 12990.00),
(72, 5, 3, 22990.00),
(73, 2, 2, 12990.00),
(73, 4, 1, 15990.00),
(73, 6, 2, 89990.00),
(74, 7, 3, 95990.00),
(74, 9, 1, 35990.00),
(75, 3, 1, 9990.00),
(75, 6, 3, 89990.00),
(75, 9, 3, 35990.00),
(75, 1, 2, 18990.00),
(75, 4, 3, 15990.00),
(76, 3, 3, 9990.00),
(77, 7, 1, 95990.00),
(77, 9, 2, 35990.00),
(77, 5, 3, 22990.00),
(77, 6, 3, 89990.00),
(78, 2, 1, 12990.00),
(78, 4, 2, 15990.00),
(79, 2, 2, 12990.00),
(79, 7, 2, 95990.00),
(79, 10, 2, 11990.00),
(80, 3, 1, 9990.00),
(80, 7, 2, 95990.00),
(80, 2, 2, 12990.00),
(80, 5, 1, 22990.00),
(81, 9, 1, 35990.00),
(82, 6, 3, 89990.00),
(83, 4, 1, 15990.00),
(83, 3, 2, 9990.00),
(83, 10, 3, 11990.00),
(83, 1, 1, 18990.00),
(83, 2, 2, 12990.00),
(84, 4, 3, 15990.00),
(84, 9, 2, 35990.00),
(84, 10, 1, 11990.00),
(84, 1, 3, 18990.00),
(85, 2, 2, 12990.00),
(86, 5, 3, 22990.00),
(87, 6, 2, 89990.00),
(87, 10, 3, 11990.00),
(87, 9, 2, 35990.00),
(87, 5, 2, 22990.00),
(88, 7, 3, 95990.00),
(88, 8, 2, 25990.00),
(89, 3, 3, 9990.00),
(89, 7, 3, 95990.00),
(90, 8, 2, 25990.00),
(91, 4, 2, 15990.00),
(91, 6, 1, 89990.00),
(91, 8, 1, 25990.00),
(92, 2, 3, 12990.00),
(92, 9, 1, 35990.00),
(93, 8, 2, 25990.00),
(93, 6, 2, 89990.00),
(94, 9, 3, 35990.00),
(95, 6, 1, 89990.00),
(95, 1, 2, 18990.00),
(95, 2, 3, 12990.00),
(95, 3, 2, 9990.00),
(95, 4, 1, 15990.00),
(96, 9, 1, 35990.00),
(96, 6, 2, 89990.00),
(96, 2, 3, 12990.00),
(97, 7, 3, 95990.00),
(97, 3, 1, 9990.00),
(97, 9, 2, 35990.00),
(97, 2, 3, 12990.00),
(97, 8, 1, 25990.00),
(98, 10, 2, 11990.00),
(98, 2, 2, 12990.00),
(99, 1, 2, 18990.00),
(99, 10, 2, 11990.00),
(99, 2, 1, 12990.00),
(99, 5, 3, 22990.00),
(100, 4, 3, 15990.00),
(100, 3, 2, 9990.00),
(100, 6, 2, 89990.00),
(101, 4, 3, 15990.00),
(101, 8, 3, 25990.00),
(102, 10, 2, 11990.00),
(102, 4, 2, 15990.00),
(102, 2, 2, 12990.00),
(103, 5, 1, 22990.00),
(103, 4, 2, 15990.00),
(103, 1, 1, 18990.00),
(103, 10, 3, 11990.00),
(104, 4, 1, 15990.00),
(105, 4, 2, 15990.00),
(105, 9, 3, 35990.00),
(106, 9, 3, 35990.00),
(106, 10, 3, 11990.00),
(106, 2, 3, 12990.00),
(106, 4, 2, 15990.00),
(106, 3, 2, 9990.00),
(107, 8, 1, 25990.00),
(107, 6, 1, 89990.00),
(107, 3, 2, 9990.00),
(107, 4, 3, 15990.00),
(107, 2, 1, 12990.00),
(108, 2, 3, 12990.00),
(108, 6, 3, 89990.00),
(108, 8, 2, 25990.00),
(108, 4, 2, 15990.00),
(108, 10, 3, 11990.00),
(109, 6, 3, 89990.00),
(109, 9, 1, 35990.00),
(109, 7, 1, 95990.00),
(109, 2, 1, 12990.00),
(109, 1, 3, 18990.00),
(110, 9, 2, 35990.00),
(110, 1, 1, 18990.00),
(111, 7, 2, 95990.00),
(111, 4, 2, 15990.00),
(111, 2, 1, 12990.00),
(111, 6, 1, 89990.00),
(112, 5, 1, 22990.00),
(112, 9, 3, 35990.00),
(112, 2, 3, 12990.00),
(113, 4, 2, 15990.00),
(113, 3, 1, 9990.00),
(113, 8, 2, 25990.00),
(114, 3, 3, 9990.00),
(114, 7, 3, 95990.00),
(115, 1, 2, 18990.00),
(115, 6, 3, 89990.00),
(115, 4, 1, 15990.00),
(115, 7, 2, 95990.00),
(115, 3, 2, 9990.00),
(116, 8, 2, 25990.00),
(116, 2, 2, 12990.00),
(116, 4, 1, 15990.00),
(117, 7, 1, 95990.00),
(117, 8, 2, 25990.00),
(117, 2, 1, 12990.00),
(117, 5, 3, 22990.00),
(118, 4, 2, 15990.00),
(118, 1, 2, 18990.00),
(118, 5, 2, 22990.00),
(118, 6, 3, 89990.00),
(118, 2, 3, 12990.00),
(119, 2, 3, 12990.00),
(119, 8, 1, 25990.00),
(120, 1, 2, 18990.00),
(120, 4, 2, 15990.00),
(120, 9, 1, 35990.00),
(120, 2, 3, 12990.00),
(121, 4, 2, 15990.00),
(122, 4, 1, 15990.00),
(122, 8, 3, 25990.00),
(122, 1, 2, 18990.00),
(122, 10, 2, 11990.00),
(122, 9, 1, 35990.00),
(123, 5, 1, 22990.00),
(123, 7, 2, 95990.00),
(124, 8, 2, 25990.00),
(124, 10, 3, 11990.00),
(124, 2, 1, 12990.00),
(124, 1, 3, 18990.00),
(125, 4, 2, 15990.00),
(125, 8, 2, 25990.00),
(125, 7, 3, 95990.00),
(125, 9, 3, 35990.00),
(125, 5, 2, 22990.00),
(126, 7, 1, 95990.00),
(126, 4, 1, 15990.00),
(126, 5, 1, 22990.00),
(127, 5, 2, 22990.00),
(127, 3, 3, 9990.00),
(127, 9, 1, 35990.00),
(128, 1, 3, 18990.00),
(128, 2, 2, 12990.00),
(128, 7, 1, 95990.00),
(129, 1, 2, 18990.00),
(129, 6, 2, 89990.00),
(130, 6, 3, 89990.00),
(130, 7, 1, 95990.00),
(130, 4, 3, 15990.00),
(130, 8, 3, 25990.00),
(131, 9, 3, 35990.00),
(131, 2, 3, 12990.00),
(131, 5, 2, 22990.00),
(131, 8, 2, 25990.00),
(132, 10, 2, 11990.00),
(132, 1, 2, 18990.00),
(133, 3, 3, 9990.00),
(133, 10, 3, 11990.00),
(133, 1, 3, 18990.00),
(133, 4, 2, 15990.00),
(134, 6, 3, 89990.00),
(134, 10, 1, 11990.00),
(134, 9, 3, 35990.00),
(135, 9, 2, 35990.00),
(136, 2, 3, 12990.00),
(137, 5, 3, 22990.00),
(137, 9, 3, 35990.00),
(137, 2, 2, 12990.00),
(138, 2, 3, 12990.00),
(139, 5, 3, 22990.00),
(139, 9, 2, 35990.00),
(140, 1, 2, 18990.00),
(140, 2, 1, 12990.00),
(140, 6, 3, 89990.00),
(140, 7, 3, 95990.00),
(141, 9, 1, 35990.00),
(141, 8, 2, 25990.00),
(142, 8, 1, 25990.00),
(142, 10, 1, 11990.00),
(142, 3, 2, 9990.00),
(142, 5, 3, 22990.00),
(142, 9, 3, 35990.00),
(143, 2, 3, 12990.00),
(143, 9, 1, 35990.00),
(143, 5, 2, 22990.00),
(144, 9, 3, 35990.00),
(144, 1, 2, 18990.00),
(144, 7, 3, 95990.00),
(144, 8, 1, 25990.00),
(145, 5, 3, 22990.00),
(145, 9, 2, 35990.00),
(145, 6, 3, 89990.00),
(145, 3, 2, 9990.00),
(146, 9, 1, 35990.00),
(146, 10, 1, 11990.00),
(147, 8, 3, 25990.00),
(147, 2, 1, 12990.00),
(147, 10, 1, 11990.00),
(147, 6, 3, 89990.00),
(147, 4, 3, 15990.00),
(148, 3, 1, 9990.00),
(148, 6, 1, 89990.00),
(149, 8, 1, 25990.00),
(150, 1, 2, 18990.00),
(150, 10, 2, 11990.00),
(150, 5, 3, 22990.00),
(151, 7, 1, 95990.00),
(151, 2, 2, 12990.00),
(151, 1, 1, 18990.00),
(151, 5, 1, 22990.00),
(152, 1, 3, 18990.00),
(152, 3, 3, 9990.00),
(153, 9, 3, 35990.00),
(153, 2, 1, 12990.00),
(153, 6, 3, 89990.00),
(153, 7, 1, 95990.00),
(154, 10, 2, 11990.00),
(155, 3, 1, 9990.00),
(155, 7, 1, 95990.00),
(156, 4, 3, 15990.00),
(157, 1, 3, 18990.00),
(157, 4, 1, 15990.00),
(157, 10, 1, 11990.00),
(158, 6, 3, 89990.00),
(158, 3, 1, 9990.00),
(159, 7, 3, 95990.00),
(160, 2, 3, 12990.00),
(161, 2, 1, 12990.00),
(161, 8, 1, 25990.00),
(161, 1, 3, 18990.00),
(162, 6, 2, 89990.00),
(163, 4, 1, 15990.00),
(163, 1, 1, 18990.00),
(163, 9, 2, 35990.00),
(164, 7, 2, 95990.00),
(164, 9, 1, 35990.00),
(165, 9, 1, 35990.00),
(165, 1, 2, 18990.00),
(165, 3, 2, 9990.00),
(165, 10, 3, 11990.00),
(166, 2, 1, 12990.00),
(166, 3, 3, 9990.00),
(167, 5, 2, 22990.00),
(167, 1, 3, 18990.00),
(167, 10, 1, 11990.00),
(167, 7, 2, 95990.00),
(168, 8, 3, 25990.00),
(168, 6, 1, 89990.00),
(169, 6, 2, 89990.00),
(169, 7, 2, 95990.00),
(169, 8, 1, 25990.00),
(169, 3, 1, 9990.00),
(169, 4, 2, 15990.00),
(170, 9, 2, 35990.00),
(170, 2, 1, 12990.00),
(170, 10, 1, 11990.00),
(170, 8, 1, 25990.00),
(170, 3, 1, 9990.00),
(171, 2, 1, 12990.00),
(171, 6, 1, 89990.00),
(171, 4, 2, 15990.00),
(171, 1, 1, 18990.00),
(171, 7, 3, 95990.00),
(172, 4, 2, 15990.00),
(172, 3, 2, 9990.00),
(172, 5, 2, 22990.00),
(172, 1, 1, 18990.00),
(173, 5, 3, 22990.00),
(173, 1, 2, 18990.00),
(173, 9, 3, 35990.00),
(173, 3, 2, 9990.00),
(174, 3, 2, 9990.00),
(174, 4, 1, 15990.00),
(174, 2, 3, 12990.00),
(174, 10, 1, 11990.00),
(175, 10, 2, 11990.00),
(175, 5, 1, 22990.00),
(175, 7, 3, 95990.00),
(176, 9, 3, 35990.00),
(176, 10, 2, 11990.00),
(176, 4, 1, 15990.00),
(176, 7, 2, 95990.00),
(177, 4, 2, 15990.00),
(178, 1, 2, 18990.00),
(178, 10, 2, 11990.00),
(178, 9, 1, 35990.00),
(178, 8, 1, 25990.00),
(178, 7, 1, 95990.00),
(179, 7, 1, 95990.00),
(179, 1, 2, 18990.00),
(179, 10, 1, 11990.00),
(180, 5, 1, 22990.00),
(180, 10, 1, 11990.00),
(180, 3, 3, 9990.00),
(180, 4, 1, 15990.00),
(180, 9, 2, 35990.00),
(181, 10, 1, 11990.00),
(181, 5, 1, 22990.00),
(181, 8, 2, 25990.00),
(181, 7, 2, 95990.00),
(182, 3, 1, 9990.00),
(182, 4, 1, 15990.00),
(182, 10, 2, 11990.00),
(183, 7, 3, 95990.00),
(183, 3, 1, 9990.00),
(183, 5, 2, 22990.00),
(183, 1, 1, 18990.00),
(184, 8, 1, 25990.00),
(184, 10, 3, 11990.00),
(184, 7, 2, 95990.00),
(184, 4, 2, 15990.00),
(184, 1, 1, 18990.00),
(185, 3, 3, 9990.00),
(185, 1, 1, 18990.00),
(185, 8, 2, 25990.00),
(185, 5, 3, 22990.00),
(186, 2, 1, 12990.00),
(186, 3, 1, 9990.00),
(187, 9, 2, 35990.00),
(187, 3, 3, 9990.00),
(187, 8, 2, 25990.00),
(188, 6, 2, 89990.00),
(188, 7, 1, 95990.00),
(188, 9, 3, 35990.00),
(189, 1, 3, 18990.00),
(189, 10, 1, 11990.00),
(189, 4, 2, 15990.00),
(189, 7, 3, 95990.00),
(190, 6, 1, 89990.00),
(190, 5, 2, 22990.00),
(190, 8, 2, 25990.00),
(191, 2, 2, 12990.00),
(191, 5, 2, 22990.00),
(192, 2, 1, 12990.00),
(192, 9, 3, 35990.00),
(193, 6, 1, 89990.00),
(193, 10, 3, 11990.00),
(194, 7, 3, 95990.00),
(194, 10, 3, 11990.00),
(195, 8, 3, 25990.00),
(196, 3, 1, 9990.00),
(196, 6, 3, 89990.00),
(196, 2, 2, 12990.00),
(196, 1, 3, 18990.00),
(196, 4, 2, 15990.00),
(197, 10, 2, 11990.00),
(198, 7, 2, 95990.00),
(198, 5, 2, 22990.00),
(199, 10, 3, 11990.00),
(199, 1, 1, 18990.00),
(199, 8, 2, 25990.00),
(199, 7, 2, 95990.00),
(200, 8, 3, 25990.00),
(201, 7, 1, 95990.00),
(201, 5, 2, 22990.00),
(201, 10, 1, 11990.00),
(202, 9, 2, 35990.00),
(202, 1, 3, 18990.00),
(203, 9, 2, 35990.00),
(203, 5, 3, 22990.00),
(203, 10, 1, 11990.00),
(203, 2, 2, 12990.00),
(203, 3, 2, 9990.00),
(204, 9, 1, 35990.00),
(204, 4, 1, 15990.00),
(204, 1, 1, 18990.00),
(205, 5, 1, 22990.00),
(205, 7, 3, 95990.00),
(205, 3, 1, 9990.00),
(205, 1, 2, 18990.00),
(206, 6, 1, 89990.00),
(206, 9, 2, 35990.00),
(206, 3, 1, 9990.00),
(207, 8, 2, 25990.00),
(207, 4, 2, 15990.00),
(207, 9, 1, 35990.00),
(207, 7, 3, 95990.00),
(208, 3, 2, 9990.00),
(208, 1, 1, 18990.00),
(208, 4, 1, 15990.00),
(208, 10, 3, 11990.00),
(208, 5, 2, 22990.00),
(209, 7, 1, 95990.00),
(210, 8, 3, 25990.00),
(211, 10, 3, 11990.00),
(211, 6, 1, 89990.00),
(212, 3, 1, 9990.00),
(212, 9, 2, 35990.00),
(212, 8, 3, 25990.00),
(212, 4, 1, 15990.00),
(213, 5, 2, 22990.00),
(213, 6, 2, 89990.00),
(213, 7, 1, 95990.00),
(213, 1, 2, 18990.00),
(213, 10, 2, 11990.00),
(214, 8, 1, 25990.00),
(214, 2, 1, 12990.00),
(215, 4, 2, 15990.00),
(215, 10, 2, 11990.00),
(215, 1, 2, 18990.00),
(215, 8, 1, 25990.00),
(215, 6, 1, 89990.00),
(216, 2, 3, 12990.00),
(216, 8, 1, 25990.00),
(216, 6, 3, 89990.00),
(217, 1, 3, 18990.00),
(217, 7, 3, 95990.00),
(217, 2, 2, 12990.00),
(217, 10, 1, 11990.00),
(218, 1, 2, 18990.00),
(218, 6, 1, 89990.00),
(218, 5, 2, 22990.00),
(218, 3, 2, 9990.00),
(219, 7, 1, 95990.00),
(219, 5, 1, 22990.00),
(219, 2, 2, 12990.00),
(219, 10, 1, 11990.00),
(220, 6, 2, 89990.00),
(220, 2, 3, 12990.00),
(220, 7, 3, 95990.00),
(220, 9, 2, 35990.00),
(220, 4, 2, 15990.00),
(221, 5, 1, 22990.00),
(221, 7, 2, 95990.00),
(222, 6, 3, 89990.00),
(222, 7, 3, 95990.00),
(222, 2, 3, 12990.00),
(222, 5, 1, 22990.00),
(223, 3, 3, 9990.00),
(223, 8, 2, 25990.00),
(223, 1, 1, 18990.00),
(223, 2, 2, 12990.00),
(223, 10, 2, 11990.00),
(224, 10, 2, 11990.00),
(224, 9, 3, 35990.00),
(224, 4, 1, 15990.00),
(224, 3, 2, 9990.00),
(224, 2, 3, 12990.00),
(225, 7, 1, 95990.00),
(225, 4, 3, 15990.00),
(226, 10, 1, 11990.00),
(227, 7, 1, 95990.00),
(227, 9, 3, 35990.00),
(227, 1, 1, 18990.00),
(227, 5, 3, 22990.00),
(227, 4, 2, 15990.00),
(228, 1, 1, 18990.00),
(229, 6, 2, 89990.00),
(230, 8, 2, 25990.00),
(230, 7, 1, 95990.00),
(230, 3, 2, 9990.00),
(231, 1, 2, 18990.00),
(231, 3, 2, 9990.00),
(232, 5, 1, 22990.00),
(233, 1, 2, 18990.00),
(233, 2, 1, 12990.00),
(233, 8, 1, 25990.00),
(233, 4, 3, 15990.00),
(233, 10, 3, 11990.00),
(234, 4, 2, 15990.00),
(234, 6, 3, 89990.00),
(234, 7, 1, 95990.00),
(235, 2, 1, 12990.00),
(235, 6, 2, 89990.00),
(235, 8, 1, 25990.00),
(235, 10, 1, 11990.00),
(236, 9, 1, 35990.00),
(236, 2, 1, 12990.00),
(237, 10, 1, 11990.00),
(237, 9, 3, 35990.00),
(238, 8, 3, 25990.00),
(238, 3, 3, 9990.00),
(238, 5, 3, 22990.00),
(238, 1, 2, 18990.00),
(239, 9, 2, 35990.00),
(239, 2, 1, 12990.00),
(240, 6, 2, 89990.00),
(240, 3, 3, 9990.00),
(240, 7, 2, 95990.00),
(241, 10, 1, 11990.00),
(241, 9, 2, 35990.00),
(241, 7, 1, 95990.00),
(242, 10, 2, 11990.00),
(242, 3, 3, 9990.00),
(242, 9, 2, 35990.00),
(242, 6, 2, 89990.00),
(243, 3, 1, 9990.00),
(243, 9, 2, 35990.00),
(244, 1, 3, 18990.00),
(244, 6, 3, 89990.00),
(244, 10, 2, 11990.00),
(245, 3, 1, 9990.00),
(245, 6, 1, 89990.00),
(246, 10, 3, 11990.00),
(247, 5, 2, 22990.00),
(247, 9, 2, 35990.00),
(247, 4, 2, 15990.00),
(247, 7, 2, 95990.00),
(247, 1, 3, 18990.00),
(248, 2, 3, 12990.00),
(249, 10, 2, 11990.00),
(249, 4, 1, 15990.00),
(250, 6, 3, 89990.00),
(250, 10, 1, 11990.00),
(251, 1, 2, 18990.00),
(251, 6, 3, 89990.00),
(251, 9, 1, 35990.00),
(252, 4, 2, 15990.00),
(252, 2, 2, 12990.00),
(252, 3, 3, 9990.00),
(253, 9, 3, 35990.00),
(253, 6, 2, 89990.00),
(254, 6, 3, 89990.00),
(254, 8, 1, 25990.00),
(254, 5, 2, 22990.00),
(255, 3, 2, 9990.00),
(255, 2, 3, 12990.00),
(256, 9, 3, 35990.00),
(256, 5, 3, 22990.00),
(256, 7, 2, 95990.00),
(257, 9, 3, 35990.00),
(257, 4, 3, 15990.00),
(257, 8, 2, 25990.00),
(258, 3, 1, 9990.00),
(258, 7, 2, 95990.00),
(258, 4, 3, 15990.00),
(259, 7, 1, 95990.00),
(260, 3, 3, 9990.00),
(260, 2, 1, 12990.00),
(261, 4, 3, 15990.00),
(261, 7, 1, 95990.00),
(261, 1, 3, 18990.00),
(262, 8, 2, 25990.00),
(263, 10, 1, 11990.00),
(264, 10, 2, 11990.00),
(265, 4, 2, 15990.00),
(265, 2, 1, 12990.00),
(265, 7, 2, 95990.00),
(266, 7, 1, 95990.00),
(266, 8, 1, 25990.00),
(266, 6, 3, 89990.00),
(266, 2, 2, 12990.00),
(267, 2, 2, 12990.00),
(268, 6, 1, 89990.00),
(269, 5, 2, 22990.00),
(269, 1, 3, 18990.00),
(269, 9, 1, 35990.00),
(269, 10, 2, 11990.00),
(270, 7, 2, 95990.00),
(271, 3, 2, 9990.00),
(271, 5, 3, 22990.00),
(271, 4, 2, 15990.00),
(271, 8, 3, 25990.00),
(271, 7, 2, 95990.00),
(272, 1, 2, 18990.00),
(273, 6, 2, 89990.00),
(273, 3, 1, 9990.00),
(273, 8, 3, 25990.00),
(273, 2, 3, 12990.00),
(274, 1, 3, 18990.00),
(274, 3, 3, 9990.00),
(275, 1, 1, 18990.00),
(276, 7, 2, 95990.00),
(276, 10, 2, 11990.00),
(276, 4, 1, 15990.00),
(276, 9, 1, 35990.00),
(276, 5, 3, 22990.00),
(277, 2, 3, 12990.00),
(277, 5, 1, 22990.00),
(277, 1, 3, 18990.00),
(277, 8, 2, 25990.00),
(278, 5, 3, 22990.00),
(279, 6, 3, 89990.00),
(279, 2, 1, 12990.00),
(279, 3, 1, 9990.00),
(280, 10, 2, 11990.00),
(280, 6, 2, 89990.00),
(280, 3, 2, 9990.00),
(280, 8, 3, 25990.00),
(280, 4, 2, 15990.00),
(281, 1, 1, 18990.00),
(282, 2, 1, 12990.00),
(282, 10, 3, 11990.00),
(283, 2, 3, 12990.00),
(283, 10, 3, 11990.00),
(283, 3, 1, 9990.00),
(283, 1, 2, 18990.00),
(283, 4, 2, 15990.00),
(284, 4, 3, 15990.00),
(284, 2, 1, 12990.00),
(284, 5, 2, 22990.00),
(284, 9, 2, 35990.00),
(285, 7, 3, 95990.00),
(285, 9, 3, 35990.00),
(285, 3, 1, 9990.00),
(285, 2, 3, 12990.00),
(286, 9, 1, 35990.00),
(286, 2, 1, 12990.00),
(286, 8, 3, 25990.00),
(286, 10, 3, 11990.00),
(287, 9, 1, 35990.00),
(287, 1, 3, 18990.00),
(288, 6, 1, 89990.00),
(289, 1, 2, 18990.00),
(290, 4, 1, 15990.00),
(290, 8, 2, 25990.00),
(290, 1, 2, 18990.00),
(290, 3, 2, 9990.00),
(290, 6, 3, 89990.00),
(291, 3, 2, 9990.00),
(291, 4, 1, 15990.00),
(291, 9, 2, 35990.00),
(291, 8, 2, 25990.00),
(291, 5, 2, 22990.00),
(292, 5, 3, 22990.00),
(293, 8, 1, 25990.00),
(293, 2, 3, 12990.00),
(293, 7, 1, 95990.00),
(293, 5, 2, 22990.00),
(293, 6, 3, 89990.00),
(294, 3, 3, 9990.00),
(294, 2, 1, 12990.00),
(294, 9, 2, 35990.00),
(294, 10, 1, 11990.00),
(294, 4, 3, 15990.00),
(295, 1, 2, 18990.00),
(295, 2, 2, 12990.00),
(295, 6, 3, 89990.00),
(296, 7, 3, 95990.00),
(296, 9, 2, 35990.00),
(296, 2, 2, 12990.00),
(296, 10, 3, 11990.00),
(297, 5, 3, 22990.00),
(298, 4, 3, 15990.00),
(298, 10, 2, 11990.00),
(298, 5, 2, 22990.00),
(298, 8, 2, 25990.00),
(298, 9, 2, 35990.00),
(299, 5, 1, 22990.00),
(299, 3, 1, 9990.00),
(300, 6, 1, 89990.00),
(300, 8, 2, 25990.00),
(300, 4, 3, 15990.00),
(301, 7, 2, 95990.00),
(301, 1, 3, 18990.00),
(302, 8, 2, 25990.00),
(302, 4, 1, 15990.00),
(302, 5, 3, 22990.00),
(303, 2, 2, 12990.00),
(303, 5, 1, 22990.00),
(303, 8, 2, 25990.00),
(303, 3, 1, 9990.00),
(303, 7, 3, 95990.00),
(304, 2, 1, 12990.00),
(304, 10, 3, 11990.00),
(305, 9, 2, 35990.00),
(305, 4, 3, 15990.00),
(305, 8, 3, 25990.00),
(305, 10, 2, 11990.00),
(305, 1, 1, 18990.00),
(306, 3, 3, 9990.00),
(306, 4, 3, 15990.00),
(306, 2, 3, 12990.00),
(306, 8, 1, 25990.00),
(306, 7, 2, 95990.00),
(307, 2, 2, 12990.00),
(308, 8, 1, 25990.00),
(308, 1, 1, 18990.00),
(308, 2, 2, 12990.00),
(308, 4, 1, 15990.00),
(309, 6, 3, 89990.00),
(309, 8, 2, 25990.00),
(309, 4, 1, 15990.00),
(310, 3, 3, 9990.00),
(310, 9, 2, 35990.00),
(310, 1, 1, 18990.00),
(311, 1, 2, 18990.00),
(311, 4, 3, 15990.00),
(311, 3, 1, 9990.00),
(311, 2, 1, 12990.00),
(311, 6, 1, 89990.00),
(312, 1, 1, 18990.00),
(312, 9, 1, 35990.00),
(312, 2, 3, 12990.00),
(313, 2, 2, 12990.00),
(313, 9, 2, 35990.00),
(313, 7, 2, 95990.00),
(313, 8, 3, 25990.00),
(313, 1, 3, 18990.00),
(314, 7, 3, 95990.00),
(315, 8, 1, 25990.00),
(315, 7, 1, 95990.00),
(315, 1, 2, 18990.00),
(315, 4, 3, 15990.00),
(316, 8, 3, 25990.00),
(317, 1, 3, 18990.00),
(317, 3, 1, 9990.00),
(317, 5, 3, 22990.00),
(317, 6, 2, 89990.00),
(317, 7, 1, 95990.00),
(318, 8, 2, 25990.00),
(319, 10, 2, 11990.00),
(319, 3, 2, 9990.00),
(319, 8, 3, 25990.00),
(319, 7, 2, 95990.00),
(319, 6, 3, 89990.00),
(320, 2, 2, 12990.00),
(320, 1, 3, 18990.00),
(320, 3, 1, 9990.00),
(320, 5, 3, 22990.00),
(321, 1, 1, 18990.00),
(321, 8, 2, 25990.00),
(321, 4, 3, 15990.00),
(321, 2, 2, 12990.00),
(321, 6, 2, 89990.00),
(322, 5, 2, 22990.00),
(322, 9, 3, 35990.00),
(322, 1, 1, 18990.00),
(322, 8, 1, 25990.00),
(322, 2, 3, 12990.00),
(323, 5, 1, 22990.00),
(323, 1, 2, 18990.00),
(323, 8, 1, 25990.00),
(323, 3, 1, 9990.00),
(323, 2, 2, 12990.00),
(324, 9, 2, 35990.00),
(324, 10, 3, 11990.00),
(324, 4, 2, 15990.00),
(324, 6, 2, 89990.00),
(325, 6, 1, 89990.00),
(325, 3, 1, 9990.00),
(325, 7, 2, 95990.00),
(326, 3, 3, 9990.00),
(326, 1, 1, 18990.00),
(326, 8, 2, 25990.00),
(326, 2, 2, 12990.00),
(327, 3, 3, 9990.00),
(327, 2, 3, 12990.00),
(327, 8, 1, 25990.00),
(327, 1, 2, 18990.00),
(328, 3, 3, 9990.00),
(328, 7, 1, 95990.00),
(328, 2, 1, 12990.00),
(328, 10, 2, 11990.00),
(328, 5, 3, 22990.00),
(329, 7, 2, 95990.00),
(329, 6, 3, 89990.00),
(329, 1, 2, 18990.00),
(330, 4, 2, 15990.00),
(330, 3, 3, 9990.00),
(330, 8, 2, 25990.00),
(330, 5, 3, 22990.00),
(331, 10, 2, 11990.00),
(331, 7, 3, 95990.00),
(331, 6, 2, 89990.00),
(331, 9, 1, 35990.00),
(332, 8, 3, 25990.00),
(332, 7, 3, 95990.00),
(332, 1, 3, 18990.00),
(332, 4, 2, 15990.00),
(332, 9, 1, 35990.00),
(333, 10, 2, 11990.00),
(334, 6, 1, 89990.00),
(334, 3, 1, 9990.00),
(334, 10, 2, 11990.00),
(334, 7, 1, 95990.00),
(334, 2, 3, 12990.00),
(335, 3, 2, 9990.00),
(336, 5, 3, 22990.00),
(336, 7, 3, 95990.00),
(336, 3, 2, 9990.00),
(336, 4, 2, 15990.00),
(336, 8, 1, 25990.00),
(337, 2, 2, 12990.00),
(338, 2, 3, 12990.00),
(338, 4, 3, 15990.00),
(338, 8, 1, 25990.00),
(338, 9, 3, 35990.00),
(338, 7, 1, 95990.00),
(339, 3, 1, 9990.00),
(339, 7, 3, 95990.00),
(339, 1, 3, 18990.00),
(339, 5, 2, 22990.00),
(340, 1, 2, 18990.00),
(340, 5, 1, 22990.00),
(340, 7, 3, 95990.00),
(341, 8, 1, 25990.00),
(341, 9, 3, 35990.00),
(341, 7, 3, 95990.00),
(341, 10, 3, 11990.00),
(341, 2, 1, 12990.00),
(342, 4, 2, 15990.00),
(342, 1, 2, 18990.00),
(342, 9, 2, 35990.00),
(342, 8, 2, 25990.00),
(343, 3, 3, 9990.00),
(343, 9, 1, 35990.00),
(343, 10, 3, 11990.00),
(343, 8, 3, 25990.00),
(344, 4, 3, 15990.00),
(344, 7, 1, 95990.00),
(344, 2, 1, 12990.00),
(344, 6, 3, 89990.00),
(344, 5, 2, 22990.00),
(345, 4, 3, 15990.00),
(345, 1, 1, 18990.00),
(345, 2, 1, 12990.00),
(345, 9, 1, 35990.00),
(346, 2, 2, 12990.00),
(346, 3, 3, 9990.00),
(346, 8, 3, 25990.00),
(346, 9, 2, 35990.00),
(346, 1, 3, 18990.00),
(347, 4, 2, 15990.00),
(347, 8, 3, 25990.00),
(348, 5, 1, 22990.00),
(349, 7, 3, 95990.00),
(350, 7, 3, 95990.00),
(350, 4, 2, 15990.00),
(350, 2, 2, 12990.00),
(350, 10, 3, 11990.00);

-- Insertar relaciones venta-promoción
INSERT INTO venta_promocion (id_venta, id_promocion) VALUES 
(4, 4),
(5, 2),
(6, 4),
(8, 1),
(9, 3),
(13, 4),
(16, 2),
(18, 2),
(27, 3),
(32, 3),
(33, 4),
(40, 4),
(48, 3),
(50, 3),
(62, 1),
(72, 3),
(80, 3),
(83, 1),
(84, 2),
(85, 4),
(87, 1),
(93, 4),
(96, 2),
(102, 4),
(103, 2),
(107, 2),
(111, 2),
(115, 1),
(116, 2),
(121, 3),
(124, 1),
(131, 1),
(137, 1),
(139, 2),
(140, 3),
(141, 1),
(142, 4),
(146, 2),
(149, 1),
(153, 4),
(157, 2),
(159, 2),
(160, 2),
(163, 3),
(164, 1),
(165, 1),
(166, 3),
(168, 1),
(169, 1),
(171, 3),
(173, 4),
(181, 3),
(186, 3),
(188, 3),
(193, 1),
(199, 3),
(204, 4),
(209, 2),
(210, 3),
(211, 1),
(212, 4),
(215, 3),
(223, 1),
(228, 2),
(231, 1),
(234, 2),
(237, 3),
(241, 3),
(244, 4),
(245, 1),
(246, 2),
(250, 3),
(253, 4),
(254, 2),
(257, 1),
(262, 1),
(263, 1),
(268, 2),
(270, 1),
(275, 3),
(276, 4),
(281, 1),
(287, 4),
(294, 2),
(296, 1),
(298, 3),
(305, 2),
(307, 4),
(308, 2),
(313, 3),
(319, 3),
(322, 3),
(329, 3),
(331, 2),
(335, 4),
(338, 4),
(340, 1),
(347, 4);

COMMIT;
