-- genero
INSERT INTO `genero` (`id_genero`, `descripcion`) VALUES (1, 'Femenino'),(2, 'Masculino'),(3, 'Otro');

-- comuna
INSERT INTO `comuna` (`id_comuna`, `descripcion`) VALUES (1, 'Puerto Montt'),(2, 'Puerto Varas'),(3, 'Osorno'),(4, 'Frutillar'),(5, 'Llanquihue'),(6, 'Calbuco');

-- tipo_cliente
INSERT INTO `tipo_cliente` (`id_tipo_cliente`, `descripcion`, `porc_desc`) VALUES (1, 'Regular', 0.00),(2, 'Frecuente', 7.50),(3, 'Suscrito', 5.00);

-- metodo_pago
INSERT INTO `metodo_pago` (`id_metodo_pago`, `descripcion`) VALUES (1, 'Tarjeta'),(2, 'Efectivo'),(3, 'App');

-- categoria
INSERT INTO `categoria` (`id_categoria`, `descripcion`) VALUES (1, 'Maquillaje'),(2, 'Cuidado de la piel'),(3, 'Accesorios'),(4, 'Kits y Sets'),(5, 'Maquillaje Ojos'),(6, 'Maquillaje Labios');

-- marca
INSERT INTO `marca` (`id_marca`, `descripcion`) VALUES (1, 'The Ordinary'),(2, 'NARS'),(3, 'Fenty Beauty'),(4, 'Glossier'),(5, 'Drunk Elephant'),(6, 'Rare Beauty'),(7, 'Tarte'),(8, 'Benefit Cosmetics'),(9, 'La Roche-Posay'),(10, 'Morphe'),(11, 'Charlotte Tilbury');

-- promocion
INSERT INTO `promocion` (`id_promocion`, `nombre`, `porc_desc`, `fecha_inicio`, `fecha_fin`, `activa`) VALUES
(1, 'Cyber Day 2024', 20.00, '2024-10-21', '2024-10-23', FALSE),
(2, 'Promo Aniversario Blush Bar', 15.00, '2025-03-01', '2025-03-15', FALSE),
(3, 'Black Friday 2024', 25.00, '2024-11-29', '2024-12-01', FALSE),
(4, 'Especial Día de la Madre 2025', 10.00, '2025-05-01', '2025-05-11', TRUE),
(5, 'Liquidación de Invierno 2025', 30.00, '2025-07-20', '2025-07-31', TRUE);

-- producto
INSERT INTO `producto` (`id_producto`, `nombre`, `descripcion`, `precio`, `stock`, `id_categoria`, `id_marca`) VALUES
(101, 'Niacinamide 10% + Zinc 1%', 'Sérum para imperfecciones y control de sebo.', 8990, 150, 2, 1),
(102, 'Hyaluronic Acid 2% + B5', 'Sérum de hidratación profunda.', 9990, 120, 2, 1),
(103, 'Radiant Creamy Concealer', 'Corrector de alta cobertura y acabado luminoso.', 28990, 80, 1, 2),
(104, 'Blush "Orgasm"', 'Rubor en polvo con destellos dorados.', 31990, 95, 1, 2),
(105, 'Pro Filter Soft Matte Longwear Foundation', 'Base de maquillaje de larga duración y acabado mate.', 34990, 70, 1, 3),
(106, 'Gloss Bomb Universal Lip Luminizer', 'Brillo de labios universal.', 19990, 200, 6, 3),
(107, 'Boy Brow', 'Gel para cejas con fijación flexible.', 16990, 110, 5, 4),
(108, 'Cloud Paint', 'Rubor en gel-crema de acabado natural.', 18990, 130, 1, 4),
(109, 'C-Firma Day Serum', 'Sérum de día con vitamina C.', 75990, 40, 2, 5),
(110, 'Soft Pinch Liquid Blush', 'Rubor líquido de alta pigmentación.', 22990, 180, 1, 6),
(111, 'Shape Tape Concealer', 'Corrector de contorno de alta cobertura.', 26990, 85, 1, 7),
(112, 'They\'re Real! Magnet Mascara', 'Máscara de pestañas con efecto alargador extremo.', 25990, 100, 5, 8),
(113, 'The POREfessional Face Primer', 'Prebase para minimizar la apariencia de los poros.', 32990, 75, 1, 8),
(114, 'Anthelios UVMune 400 Invisible Fluid SPF50+', 'Protector solar de amplio espectro.', 21990, 250, 2, 9),
(115, 'Morphe X James Charles Palette', 'Paleta de sombras de ojos con 39 tonos.', 39990, 50, 5, 10),
(116, 'Matte Revolution Lipstick - Pillow Talk', 'Labial mate en el icónico tono nude-rosa.', 33990, 90, 6, 11),
(117, 'Magic Cream', 'Crema hidratante para un brillo instantáneo.', 89990, 30, 2, 11),
(118, 'Effaclar Dúo (+)', 'Tratamiento anti-imperfecciones.', 24990, 140, 2, 9),
(119, 'Set de Brochas "Eye-conic"', 'Set de 5 brochas esenciales para ojos.', 29990, 65, 3, 10),
(120, 'Esponja de Maquillaje Power-Puff', 'Esponja para aplicación de base y corrector.', 8990, 300, 3, 6),
(121, 'Kit "The Littles" Head to Toe', 'Set de viaje con mini tallas de productos populares.', 49990, 25, 4, 5),
(122, 'Fenty Skin Starter Set', 'Set de inicio con limpiador, tónico y protector solar.', 39990, 45, 4, 3),
(123, 'AHA 30% + BHA 2% Peeling Solution', 'Exfoliante químico para mejorar la textura de la piel.', 10990, 90, 2, 1),
(124, 'Light Reflecting Foundation', 'Base de maquillaje que mejora la claridad de la piel.', 45990, 55, 1, 2),
(125, 'Eaze Drop Blurring Skin Tint', 'Base ligera que unifica el tono de la piel.', 29990, 100, 1, 3),
(126, 'Hollywood Flawless Filter', 'Iluminador líquido multifunción.', 41990, 70, 1, 11),
(127, 'Gimme Brow+ Volumizing Eyebrow Gel', 'Gel con microfibras para cejas con volumen.', 24990, 120, 5, 8),
(128, 'Maracuja Juicy Lip Balm', 'Bálsamo labial con color y brillo.', 21990, 150, 6, 7),
(129, 'TLC Framboos Glycolic Night Serum', 'Sérum de noche con ácido glicólico.', 85990, 40, 2, 5),
(130, 'Killawatt Freestyle Highlighter', 'Iluminador en polvo de larga duración.', 32990, 80, 1, 3),
(131, 'Climax Mascara', 'Máscara de pestañas para un volumen explosivo.', 25990, 90, 5, 2),
(132, 'Lip Sleeping Mask', 'Mascarilla nocturna para labios.', 18990, 200, 2, 4),
(133, 'Perfecting Skin Tint', 'Base de maquillaje de cobertura ligera.', 26990, 110, 1, 4),
(134, 'Tattoo Liner', 'Delineador de ojos líquido de alta precisión.', 19990, 130, 5, 3),
(135, 'Kit "Best of Benefit"', 'Set con los productos más vendidos de la marca.', 35990, 60, 4, 8),
(136, 'Cicalfate+ Repairing Protective Cream', 'Crema reparadora para pieles sensibles.', 17990, 180, 2, 9),
(137, 'Continuous Setting Mist', 'Bruma fijadora de maquillaje.', 15990, 250, 3, 10),
(138, 'Airbrush Flawless Finish Powder', 'Polvos compactos para un acabado impecable.', 43990, 85, 1, 11),
(139, 'Glycolic Acid 7% Toning Solution', 'Tónico exfoliante para mejorar la luminosidad.', 11990, 140, 2, 1),
(140, 'Natural Radiant Longwear Foundation', 'Base de maquillaje de cobertura media-alta y larga duración.', 47990, 65, 1, 2);


-- cliente
INSERT INTO `cliente` (`numrun`, `dv_run`, `pnombre`, `snombre`, `papellido`, `mapellido`, `edad`, `id_genero`, `id_comuna`, `id_tipo_cliente`) VALUES
(10101010, 5, 'Abigail', 'Rocio', 'Abarca', 'Araya', 29, 1, 1, 1),
(10101011, 3, 'Agustin', 'Eduardo', 'Aburto', 'Astorga', 34, 2, 2, 2),
(10101012, 1, 'Alicia', 'Beatriz', 'Acevedo', 'Avila', 41, 1, 3, 1),
(10101013, 'K', 'Alonso', 'Felipe', 'Acosta', 'Ayala', 22, 2, 4, 3),
(10101014, 8, 'Amanda', 'Carolina', 'Acuña', 'Bahamondes', 37, 1, 5, 1),
(10101015, 6, 'Amelia', 'Constanza', 'Aguayo', 'Barraza', 25, 1, 6, 2),
(10101016, 4, 'Anais', 'Daniela', 'Aguilar', 'Barrientos', 32, 1, 1, 1),
(10101017, 2, 'Angel', 'Gabriel', 'Aguilera', 'Barrios', 45, 2, 2, 3),
(10101018, 0, 'Anibal', 'Hernan', 'Ahengo', 'Bascuñan', 28, 2, 3, 1),
(10101019, 9, 'Antonella', 'Esperanza', 'Ahumada', 'Becerra', 33, 1, 4, 2),
(10101020, 2, 'Antonia', 'Florencia', 'Alarcon', 'Belen', 26, 1, 5, 1),
(10101021, 0, 'Arturo', 'Ignacio', 'Albornoz', 'Bello', 39, 2, 6, 3),
(10101022, 9, 'Asuncion', 'Gabriela', 'Alcalde', 'Benavides', 21, 1, 1, 1),
(10101023, 7, 'Aurora', 'Isabel', 'Alcaino', 'Benitez', 36, 1, 2, 2),
(10101024, 5, 'Axel', 'Javier', 'Aldana', 'Berrios', 24, 2, 3, 1),
(10101025, 3, 'Barbara', 'Javiera', 'Alegria', 'Blanco', 31, 1, 4, 3),
(10101026, 1, 'Bastian', 'Jesus', 'Aleman', 'Bravo', 27, 2, 5, 1),
(10101027, 'K', 'Benjamin', 'Jose', 'Alfaro', 'Briceño', 43, 2, 6, 2),
(10101028, 8, 'Bernardo', 'Luis', 'Almendra', 'Briones', 29, 2, 1, 1),
(10101029, 6, 'Blanca', 'Loreto', 'Almonacid', 'Brito', 35, 1, 2, 3),
(10101030, 'K', 'Bruno', 'Manuel', 'Alonso', 'Bustamante', 23, 2, 3, 1),
(10101031, 8, 'Camila', 'Margarita', 'Alvarado', 'Bustos', 38, 1, 4, 2),
(10101032, 6, 'Camilo', 'Martin', 'Alvarez', 'Cabal', 26, 2, 5, 1),
(10101033, 4, 'Candela', 'Mercedes', 'Amador', 'Caballero', 33, 1, 6, 3),
(10101034, 2, 'Carla', 'Montserrat', 'Ames', 'Cabrera', 28, 1, 1, 1),
(10101035, 0, 'Carlota', 'Nicole', 'Ampuero', 'Caceres', 41, 1, 2, 2),
(10101036, 9, 'Carmen', 'Pabla', 'Anabalon', 'Cadiz', 25, 1, 3, 1),
(10101037, 7, 'Carolina', 'Paola', 'Andia', 'Calderon', 32, 1, 4, 3),
(10101038, 5, 'Casandra', 'Patricia', 'Andrade', 'Calle', 27, 1, 5, 1),
(10101039, 3, 'Catalina', 'Paz', 'Angeles', 'Camacho', 39, 1, 6, 2),
(10101040, 7, 'Cecilia', 'Pia', 'Anguita', 'Cárcamo', 22, 1, 1, 1),
(10101041, 5, 'Celeste', 'Pilar', 'Antivilo', 'Carrasco', 37, 1, 2, 3),
(10101042, 3, 'Cesar', 'Raul', 'Antolin', 'Carrillo', 26, 2, 3, 1),
(10101043, 1, 'Charlotte', 'Rebeca', 'Antúnez', 'Carvajal', 34, 1, 4, 2),
(10101044, 'K', 'Christian', 'Ricardo', 'Aparicio', 'Casablanca', 29, 2, 5, 1),
(10101045, 8, 'Christopher', 'Roberto', 'Aracena', 'Casanova', 42, 2, 6, 3),
(10101046, 6, 'Clara', 'Rocio', 'Arancibia', 'Casas', 24, 1, 1, 1),
(10101047, 4, 'Claudia', 'Romina', 'Aranda', 'Castillo', 31, 1, 2, 2),
(10101048, 2, 'Claudio', 'Rodrigo', 'Aranis', 'Castro', 27, 2, 3, 1),
(10101049, 0, 'Clemente', 'Sebastian', 'Araya', 'Catalan', 38, 2, 4, 3),
(10101050, 4, 'Colomba', 'Silvana', 'Arce', 'Cea', 23, 1, 5, 1),
(10101051, 2, 'Constanza', 'Sofia', 'Arcos', 'Cepeda', 36, 1, 6, 2),
(10101052, 0, 'Cristian', 'Simon', 'Ardiles', 'Cerna', 28, 2, 1, 1),
(10101053, 9, 'Cristobal', 'Tadeo', 'Arellano', 'Céspedes', 35, 2, 2, 3),
(10101054, 7, 'Damian', 'Telesforo', 'Areyuna', 'Chacón', 25, 2, 3, 1),
(10101055, 5, 'Daniel', 'Teodoro', 'Arias', 'Chamorro', 32, 2, 4, 2),
(10101056, 3, 'Dante', 'Timoteo', 'Armijo', 'Chaparro', 27, 2, 5, 1),
(10101057, 1, 'David', 'Tomas', 'Aros', 'Chávez', 40, 2, 6, 3),
(10101058, 'K', 'Delfina', 'Trinidad', 'Arriagada', 'Cid', 22, 1, 1, 1),
(10101059, 8, 'Diego', 'Ubaldo', 'Arriaza', 'Cifuentes', 37, 2, 2, 2),
(10101060, 1, 'Dilan', 'Ulises', 'Arroyo', 'Cisternas', 26, 2, 3, 1),
(10101061, 'K', 'Dominga', 'Ursula', 'Astudillo', 'Collado', 34, 1, 4, 3),
(10101062, 8, 'Dylan', 'Valentin', 'Avendaño', 'Coloma', 29, 2, 5, 1),
(10101063, 6, 'Eduardo', 'Vicente', 'Avila', 'Concha', 42, 2, 6, 2),
(10101064, 4, 'Elena', 'Victoria', 'Aviles', 'Contreras', 24, 1, 1, 1),
(10101065, 2, 'Elias', 'Victor', 'Azagra', 'Corbalán', 31, 2, 2, 3),
(10101066, 0, 'Elisa', 'Violeta', 'Azocar', 'Cordero', 27, 1, 3, 1),
(10101067, 9, 'Eloisa', 'Viviana', 'Baeza', 'Córdova', 38, 1, 4, 2),
(10101068, 7, 'Emilia', 'Xaviera', 'Bahamonde', 'Cornejo', 23, 1, 5, 1),
(10101069, 5, 'Emiliano', 'Xavier', 'Balboa', 'Corona', 36, 2, 6, 3),
(10101070, 9, 'Emilio', 'Yahir', 'Ballesteros', 'Coronado', 28, 2, 1, 1),
(10101071, 7, 'Emma', 'Yamil', 'Baquedano', 'Corral', 35, 1, 2, 2),
(10101072, 5, 'Enrique', 'Yamil', 'Barahona', 'Correa', 25, 2, 3, 1),
(10101073, 3, 'Eric', 'Yosef', 'Barrientos', 'Cortés', 32, 2, 4, 3),
(10101074, 1, 'Ernesto', 'Yuri', 'Barros', 'Covarrubias', 27, 2, 5, 1),
(10101075, 'K', 'Ester', 'Zacarias', 'Basoalto', 'Cruz', 40, 1, 6, 2),
(10101076, 8, 'Eva', 'Zahi', 'Bastian', 'Cubillos', 22, 1, 1, 1),
(10101077, 6, 'Evelyn', 'Zamir', 'Bustamante', 'Cuevas', 37, 1, 2, 3),
(10101078, 4, 'Fabian', 'Zarek', 'Cabezas', 'Daza', 26, 2, 3, 1),
(10101079, 2, 'Facundo', 'Zenon', 'Cabrera', 'De la Fuente', 34, 2, 4, 2),
(10101080, 6, 'Felipe', 'Zoilo', 'Caceres', 'De la Paz', 29, 2, 5, 1),
(10101081, 4, 'Felix', 'Aaron', 'Calisto', 'Del Campo', 42, 2, 6, 3),
(10101082, 2, 'Ferdinand', 'Abel', 'Calvo', 'Del Pino', 24, 2, 1, 1),
(10101083, 0, 'Fernando', 'Abraham', 'Canales', 'Del Rio', 31, 2, 2, 2),
(10101084, 9, 'Florencia', 'Adalberto', 'Canales', 'Del Solar', 27, 1, 3, 1),
(10101085, 7, 'Francisca', 'Adam', 'Canelo', 'Delgado', 38, 1, 4, 3),
(10101086, 5, 'Francisco', 'Adan', 'Canessa', 'Diacono', 23, 2, 5, 1),
(10101087, 3, 'Franco', 'Adolfo', 'Caniullan', 'Diaz', 36, 2, 6, 2),
(10101088, 1, 'Gabriel', 'Adrian', 'Cano', 'Diez', 28, 2, 1, 1),
(10101089, 'K', 'Gabriela', 'Agustin', 'Cantero', 'Dominguez', 35, 1, 2, 3),
(10101090, 3, 'Gaspar', 'Alan', 'Canto', 'Donoso', 25, 2, 3, 1),
(10101091, 1, 'Gaston', 'Alberto', 'Cañete', 'Dotte', 32, 2, 4, 2),
(10101092, 'K', 'Genesis', 'Albino', 'Carbajal', 'Droguett', 27, 1, 5, 1),
(10101093, 8, 'Geronimo', 'Aldo', 'Cardenas', 'Duarte', 40, 2, 6, 3),
(10101094, 6, 'Giselle', 'Alejandro', 'Cardemil', 'Dueñas', 22, 1, 1, 1),
(10101095, 4, 'Gladys', 'Alexis', 'Cardoza', 'Dupuy', 37, 1, 2, 2),
(10101096, 2, 'Gonzalo', 'Alfredo', 'Cariman', 'Duran', 26, 2, 3, 1),
(10101097, 0, 'Gregorio', 'Alonso', 'Carmona', 'Echague', 34, 2, 4, 3),
(10101098, 9, 'Guillermina', 'Alvaro', 'Caro', 'Echeverria', 29, 1, 5, 1),
(10101099, 7, 'Guillermo', 'Amadeo', 'Carrasco', 'Egaña', 42, 2, 6, 2),
(10101100, 1, 'Gustavo', 'Amador', 'Carrera', 'Elizalde', 24, 2, 1, 1),
(10101101, 'K', 'Hector', 'Amalio', 'Carreño', 'Elizondo', 31, 2, 2, 3),
(10101102, 8, 'Heidi', 'Amando', 'Carrillo', 'Elzo', 27, 1, 3, 1),
(10101103, 6, 'Hernan', 'Ambrosio', 'Cartes', 'Encina', 38, 2, 4, 2),
(10101104, 4, 'Homero', 'Américo', 'Carvajal', 'Enriquez', 23, 2, 5, 1),
(10101105, 2, 'Hugo', 'Amilcar', 'Casali', 'Erazo', 36, 2, 6, 3),
(10101106, 0, 'Ian', 'Amin', 'Casanueva', 'Errázuriz', 28, 2, 1, 1),
(10101107, 9, 'Iker', 'Anacleto', 'Casas', 'Escalante', 35, 2, 2, 2),
(10101108, 7, 'Ileana', 'Ananias', 'Castellon', 'Escalona', 25, 1, 3, 1),
(10101109, 5, 'Ines', 'Anastasio', 'Castillo', 'Escobar', 32, 1, 4, 3),
(10101110, 9, 'Ingrid', 'Andres', 'Castro', 'Escudero', 27, 1, 5, 1),
(10101111, 7, 'Irene', 'Angel', 'Catalan', 'Espejo', 40, 1, 6, 2),
(10101112, 5, 'Iris', 'Angelino', 'Catrileo', 'Espina', 22, 1, 1, 1),
(10101113, 3, 'Isaac', 'Aniceto', 'Ceballos', 'Espinola', 37, 2, 2, 3),
(10101114, 1, 'Isabel', 'Anselmo', 'Celis', 'Espinoza', 26, 1, 3, 1),
(10101115, 'K', 'Isadora', 'Antenor', 'Centellas', 'Esquivel', 34, 1, 4, 2),
(10101116, 8, 'Isaias', 'Antero', 'Cereceda', 'Estay', 29, 2, 5, 1),
(10101117, 6, 'Isidora', 'Antonino', 'Cerda', 'Estévez', 42, 1, 6, 3),
(10101118, 4, 'Israel', 'Antonio', 'Cerpa', 'Estrada', 24, 2, 1, 1),
(10101119, 2, 'Ivan', 'Aparicio', 'Cervantes', 'Exposito', 31, 2, 2, 2),
(10101120, 6, 'Ivana', 'Apolinario', 'Cifuentes', 'Fabres', 27, 1, 3, 1),
(10101121, 4, 'Jacinta', 'Apolo', 'Cisternas', 'Fajardo', 38, 1, 4, 3),
(10101122, 2, 'Jacobo', 'Aquiles', 'Claro', 'Farias', 23, 2, 5, 1),
(10101123, 0, 'Jade', 'Arcadio', 'Claveria', 'Farías', 36, 1, 6, 2),
(10101124, 9, 'Jaime', 'Arcangel', 'Cobos', 'Feijoo', 28, 2, 1, 1),
(10101125, 7, 'Jairo', 'Archibaldo', 'Cofré', 'Feliu', 35, 2, 2, 3),
(10101126, 5, 'Janis', 'Argimiro', 'Collao', 'Fernández', 25, 1, 3, 1),
(10101127, 3, 'Javier', 'Ariel', 'Coloma', 'Ferrada', 32, 2, 4, 2),
(10101128, 1, 'Jazmin', 'Aristides', 'Colvin', 'Ferreira', 27, 1, 5, 1),
(10101129, 'K', 'Jennifer', 'Arnaldo', 'Concha', 'Ferreyra', 40, 1, 6, 3),
(10101130, 3, 'Jeremias', 'Arnold', 'Contador', 'Fierro', 22, 2, 1, 1),
(10101131, 1, 'Jessica', 'Arsenio', 'Contreras', 'Figueroa', 37, 1, 2, 2),
(10101132, 'K', 'Jesus', 'Artemio', 'Corbalan', 'Fillol', 26, 2, 3, 1),
(10101133, 8, 'Jimena', 'Arturo', 'Cordero', 'Flandes', 34, 1, 4, 3),
(10101134, 6, 'Joaquin', 'Asdrubal', 'Cornejo', 'Fleming', 29, 2, 5, 1),
(10101135, 4, 'Jocelyn', 'Atahualpa', 'Corona', 'Flores', 42, 1, 6, 2),
(10101136, 2, 'Joel', 'Atanacio', 'Coronado', 'Fonseca', 24, 2, 1, 1),
(10101137, 0, 'Jonathan', 'Atilano', 'Corral', 'Fontaine', 31, 2, 2, 3),
(10101138, 9, 'Jordana', 'Augusto', 'Correa', 'Fontecilla', 27, 1, 3, 1),
(10101139, 7, 'Jorge', 'Aureliano', 'Cortes', 'Forno', 38, 2, 4, 2),
(10101140, 0, 'Jose', 'Aurelio', 'Cortez', 'Fournier', 23, 2, 5, 1),
(10101141, 9, 'Josefa', 'Ausencio', 'Corvalan', 'Fraga', 36, 1, 6, 3),
(10101142, 7, 'Josefina', 'Avelino', 'Cousiño', 'Fraile', 28, 1, 1, 1),
(10101143, 5, 'Josue', 'Balbino', 'Covarrubias', 'Franco', 35, 2, 2, 2),
(10101144, 3, 'Juan', 'Baldomero', 'Crespo', 'Frey', 25, 2, 3, 1),
(10101145, 1, 'Juana', 'Baltasar', 'Crisostomo', 'Freytes', 32, 1, 4, 3),
(10101146, 'K', 'Judith', 'Bartolome', 'Cristi', 'Frick', 27, 1, 5, 1),
(10101147, 8, 'Julia', 'Basilio', 'Croxatto', 'Fricke', 40, 1, 6, 2),
(10101148, 6, 'Julian', 'Bautista', 'Cruz', 'Fries', 22, 2, 1, 1),
(10101149, 4, 'Julieta', 'Belarmino', 'Cuadra', 'Frigerio', 37, 1, 2, 3),
(10101150, 8, 'Julio', 'Beltran', 'Cuadrado', 'Fritz', 26, 2, 3, 1),
(10101151, 6, 'Karen', 'Benedicto', 'Cubillos', 'Fuensalida', 34, 1, 4, 2),
(10101152, 4, 'Karla', 'Benigno', 'Cuevas', 'Fuente', 29, 1, 5, 1),
(10101153, 2, 'Karol', 'Benito', 'Dagnino', 'Fuentes', 42, 1, 6, 3),
(10101154, 0, 'Katherine', 'Benjamin', 'D-Alençon', 'Frugone', 24, 1, 1, 1),
(10101155, 9, 'Kenji', 'Bernabe', 'Dalton', 'Frutos', 31, 2, 2, 2),
(10101156, 7, 'Kiara', 'Bernardino', 'D’Amico', 'Fuchs', 27, 1, 3, 1),
(10101157, 5, 'Krishna', 'Bernardo', 'D’Angelo', 'Fuentes', 38, 1, 4, 3),
(10101158, 3, 'Lander', 'Blas', 'Davila', 'Gajardo', 23, 2, 5, 1),
(10101159, 1, 'Larissa', 'Bonifacio', 'De Camino', 'Galaz', 36, 1, 6, 2),
(10101160, 5, 'Leah', 'Boris', 'De Diego', 'Galdames', 28, 1, 1, 1),
(10101161, 3, 'Leandro', 'Borja', 'De la Barra', 'Galeano', 35, 2, 2, 3),
(10101162, 1, 'Lena', 'Braulio', 'De la Carrera', 'Galilea', 25, 1, 3, 1),
(10101163, 'K', 'Leo', 'Bricio', 'De la Cerda', 'Galiano', 32, 2, 4, 2),
(10101164, 8, 'Leon', 'Bruno', 'De la Cruz', 'Galindo', 27, 2, 5, 1),
(10101165, 6, 'Leonardo', 'Buenaventura', 'De la Cuadra', 'Gallardo', 40, 2, 6, 3),
(10101166, 4, 'Leonor', 'Calixto', 'De la Fuente', 'Gallo', 22, 1, 1, 1),
(10101167, 2, 'Leticia', 'Camilo', 'De la Maza', 'Gálvez', 37, 1, 2, 2),
(10101168, 0, 'Liam', 'Candido', 'De la O', 'Gambito', 26, 2, 3, 1),
(10101169, 9, 'Lia', 'Canio', 'De la Riva', 'Gamboa', 34, 1, 4, 3),
(10101170, 2, 'Libertad', 'Carlos', 'De la Rosa', 'Gana', 29, 1, 5, 1),
(10101171, 0, 'Lidia', 'Carmelo', 'De la Torre', 'Garay', 42, 1, 6, 2),
(10101172, 9, 'Lilia', 'Casimiro', 'De las Heras', 'Garces', 24, 1, 1, 1),
(10101173, 7, 'Lilian', 'Casto', 'De Latorre', 'García', 31, 1, 2, 3),
(10101174, 5, 'Liliana', 'Castor', 'De los Reyes', 'Garcitoral', 27, 1, 3, 1),
(10101175, 3, 'Lina', 'Cataldo', 'De Prado', 'Garrido', 38, 1, 4, 2),
(10101176, 1, 'Lisbeth', 'Cayetano', 'De Valdes', 'Garza', 23, 1, 5, 1),
(10101177, 'K', 'Lola', 'Ceferino', 'Del Canto', 'Garzon', 36, 1, 6, 3),
(10101178, 8, 'Lorenza', 'Celestino', 'Del Campo', 'Gatica', 28, 1, 1, 1),
(10101179, 6, 'Loreto', 'Celino', 'Del Fierro', 'Gavilán', 35, 1, 2, 2),
(10101180, 'K', 'Lourdes', 'Celio', 'Del Pedregal', 'Gay', 25, 1, 3, 1),
(10101181, 8, 'Lucia', 'Celso', 'Del Pozo', 'Gayan', 32, 1, 4, 3),
(10101182, 6, 'Lucian', 'Cesar', 'Del Real', 'Geisse', 27, 2, 5, 1),
(10101183, 4, 'Luciana', 'Cesareo', 'Del Solar', 'Gerber', 40, 1, 6, 2),
(10101184, 2, 'Luciano', 'Cipriano', 'Del Valle', 'Gil', 22, 2, 1, 1),
(10101185, 0, 'Lucio', 'Cirilo', 'Del Villar', 'Gimenez', 37, 2, 2, 3),
(10101186, 9, 'Lucrecia', 'Ciriaco', 'Delgado', 'Gimeno', 26, 1, 3, 1),
(10101187, 7, 'Luis', 'Claudio', 'Della Chiesa', 'Giraldez', 34, 2, 4, 2),
(10101188, 5, 'Luisa', 'Clemente', 'Della Maggiora', 'Godiño', 29, 1, 5, 1),
(10101189, 3, 'Luz', 'Cleto', 'Di Marco', 'Godoy', 42, 1, 6, 3),
(10101190, 7, 'Macarena', 'Clodomiro', 'Di Napoli', 'Goic', 24, 1, 1, 1),
(10101191, 5, 'Magdalena', 'Conrado', 'Di Palma', 'Goicolea', 31, 1, 2, 2),
(10101192, 3, 'Maite', 'Crisologo', 'Di Paolo', 'Golarte', 27, 1, 3, 1),
(10101193, 1, 'Malva', 'Crispin', 'Diaz', 'Gomes', 38, 1, 4, 3),
(10101194, 'K', 'Manuel', 'Crisostomo', 'Didier', 'Gómez', 23, 2, 5, 1),
(10101195, 8, 'Manuela', 'Cristiano', 'Diez', 'Góngora', 36, 1, 6, 2),
(10101196, 6, 'Marcela', 'Cristobal', 'Dominguez', 'González', 28, 1, 1, 1),
(10101197, 4, 'Marcelo', 'Damian', 'Dono', 'Gordillo', 35, 2, 2, 3),
(10101198, 2, 'Marcia', 'Daniel', 'Donoso', 'Gordon', 25, 1, 3, 1),
(10101199, 0, 'Marco', 'Dario', 'D’Orville', 'Gormaz', 32, 2, 4, 2),
(10101200, 4, 'Marcos', 'David', 'Duarte', 'Goyeneche', 27, 2, 5, 1),
(10101201, 2, 'Margarita', 'Demetrio', 'Dubois', 'Gracia', 40, 1, 6, 3),
(10101202, 0, 'Maria', 'Democrito', 'Dubost', 'Grado', 22, 1, 1, 1),
(10101203, 9, 'Mariana', 'Denis', 'Ducaud', 'Grau', 37, 1, 2, 2),
(10101204, 7, 'Mariano', 'Dionisio', 'Dufey', 'Gray', 26, 2, 3, 1),
(10101205, 5, 'Maribel', 'Domingo', 'Dufour', 'Greco', 34, 1, 4, 3),
(10101206, 3, 'Marie', 'Donato', 'Duran', 'Greene', 29, 1, 5, 1),
(10101207, 1, 'Marina', 'Dorian', 'Durruty', 'Greve', 42, 1, 6, 2),
(10101208, 'K', 'Mario', 'Doroteo', 'Echeñique', 'Griffero', 24, 2, 1, 1),
(10101209, 8, 'Marisol', 'Edelio', 'Echeverria', 'Grimaldi', 31, 1, 2, 3),
(10101210, 1, 'Marta', 'Edgar', 'Echverria', 'Grosso', 27, 1, 3, 1),
(10101211, 'K', 'Martin', 'Edgardo', 'Edwards', 'Gualda', 38, 2, 4, 2),
(10101212, 8, 'Martina', 'Edmundo', 'Egaña', 'Guajardo', 23, 1, 5, 1),
(10101213, 6, 'Mary', 'Eduardo', 'Eguiguren', 'Gualteros', 36, 1, 6, 3),
(10101214, 4, 'Mateo', 'Eduino', 'Eilers', 'Guardia', 28, 2, 1, 1),
(10101215, 2, 'Matias', 'Efrain', 'Elgueta', 'Guastavino', 35, 2, 2, 2),
(10101216, 0, 'Matilde', 'Elbio', 'Elizalde', 'Guedes', 25, 1, 3, 1),
(10101217, 9, 'Mauricio', 'Elias', 'Elizondo', 'Guerra', 32, 2, 4, 3),
(10101218, 7, 'Max', 'Eligio', 'Elorza', 'Guerrero', 27, 2, 5, 1),
(10101219, 5, 'Maximiliano', 'Eliseo', 'Elzo', 'Guevara', 40, 2, 6, 2),
(10101220, 9, 'Mayra', 'Eloy', 'Encina', 'Guido', 22, 1, 1, 1);

-- venta
INSERT INTO `venta` (`id_venta`, `numrun`, `id_metodo_pago`, `fecha_venta`, `monto_subtotal`, `monto_descuentos`, `monto_final`) VALUES
(1, 18345678, 1, '2025-04-15 18:30:00', 60980.00, 4573.50, 56406.50),
(2, 19876543, 1, '2025-05-08 12:10:00', 84980.00, 12747.00, 72233.00),
(3, 20123456, 3, '2025-02-20 16:45:00', 35980.00, 0.00, 35980.00),
(4, 17654321, 2, '2025-03-10 11:00:00', 31980.00, 7195.50, 24784.50),
(5, 21543210, 1, '2025-01-05 19:05:00', 38980.00, 0.00, 38980.00),
(6, 18999888, 1, '2025-05-02 17:20:00', 56980.00, 8547.00, 48433.00),
(7, 18345678, 1, '2024-11-30 14:00:00', 45990.00, 14946.75, 31043.25),
(8, 19876543, 3, '2025-01-18 13:15:00', 19980.00, 999.00, 18981.00),
(9, 19111222, 1, '2025-03-05 20:00:00', 89980.00, 17996.00, 71984.00),
(10, 17555444, 2, '2025-04-28 10:40:00', 35980.00, 2698.50, 33281.50),
(11, 16444333, 1, '2025-05-20 15:00:00', 41990, 3149.25, 38840.75),
(12, 17888999, 2, '2025-05-18 11:30:00', 19990, 0, 19990),
(13, 18222111, 1, '2025-05-15 19:00:00', 89990, 11248.75, 78741.25),
(14, 19654987, 3, '2025-04-30 12:00:00', 25990, 0, 25990),
(15, 20432876, 1, '2025-04-25 18:45:00', 49980, 3748.5, 46231.5),
(16, 18678543, 2, '2025-04-20 17:00:00', 33990, 0, 33990),
(17, 19987654, 1, '2025-05-05 16:15:00', 39990, 5998.5, 33991.5),
(18, 20876543, 3, '2025-05-01 13:00:00', 12990, 1299, 11691),
(19, 17321654, 1, '2025-04-10 14:30:00', 43990, 3299.25, 40690.75),
(20, 18876987, 2, '2025-03-25 10:00:00', 29990, 3748.75, 26241.25),
(21, 18345678, 1, '2025-01-22 18:00:00', 47990, 3599.25, 44390.75);

-- detalle_venta
INSERT INTO `detalle_venta` (`id_detalle_venta`, `id_venta`, `id_producto`, `cantidad`, `precio_unitario`) VALUES
(1, 1, 103, 1, 28990.00),(2, 1, 104, 1, 31990.00),
(3, 2, 109, 1, 75990.00),(4, 2, 101, 1, 8990.00),
(5, 3, 107, 1, 16990.00),(6, 3, 108, 1, 18990.00),
(7, 4, 102, 1, 9990.00),(8, 4, 114, 1, 21990.00),
(9, 5, 119, 1, 29990.00),(10, 5, 120, 1, 8990.00),
(11, 6, 110, 1, 22990.00),(12, 6, 116, 1, 33990.00),
(13, 7, 124, 1, 45990.00),
(14, 8, 102, 2, 9990.00),
(15, 9, 121, 1, 49990.00),(16, 9, 122, 1, 39990.00),
(17, 10, 123, 1, 10990.00),(18, 10, 118, 1, 24990.00),
(19, 11, 126, 1, 41990),
(20, 12, 134, 1, 19990),
(21, 13, 117, 1, 89990),
(22, 14, 112, 1, 25990),
(23, 15, 127, 2, 24990),
(24, 16, 116, 1, 33990),
(25, 17, 115, 1, 39990),
(26, 18, 106, 1, 19990),
(27, 18, 101, 1, 8990),
(28, 19, 138, 1, 43990),
(29, 20, 120, 1, 8990),
(30, 20, 106, 1, 19990),
(31, 21, 140, 1, 47990);


-- venta_promocion
INSERT INTO `venta_promocion` (`id_venta`, `id_promocion`) VALUES
(2, 4),
(4, 2),
(6, 4),
(7, 3),
(9, 2),
(17, 4),
(18, 4);

-- Aquí se añadirían cientos de ventas y detalles adicionales para cumplir el volumen.
-- La lógica para generar más es la misma: crear una venta, calcular totales, y añadir sus detalles.
-- Por ejemplo:
INSERT INTO `venta` (`id_venta`, `numrun`, `id_metodo_pago`, `fecha_venta`, `monto_subtotal`, `monto_descuentos`, `monto_final`) VALUES
(22, 20123456, 1, '2025-05-25 12:00:00', 51980.00, 0.00, 51980.00),
(23, 18999888, 1, '2025-05-26 13:10:00', 21990.00, 1099.50, 20890.50),
(24, 17654321, 2, '2025-05-27 14:20:00', 32980.00, 2473.50, 30506.50),
(25, 20333222, 3, '2025-05-28 15:30:00', 8990.00, 0.00, 8990.00),
(26, 19111222, 1, '2025-05-29 16:40:00', 41990.00, 2099.50, 39890.50);

INSERT INTO `detalle_venta` (`id_detalle_venta`, `id_venta`, `id_producto`, `cantidad`, `precio_unitario`) VALUES
(32, 22, 113, 1, 32990.00),(33, 22, 107, 1, 16990.00),
(34, 23, 128, 1, 21990.00),
(35, 24, 105, 1, 34990.00),
(36, 25, 101, 1, 8990.00),
(37, 26, 126, 1, 41990.00);